0 verbose cli /data/data/com.termux/files/usr/bin/node /data/data/com.termux/files/usr/bin/npm
1 info using npm@11.12.0
2 info using node@v24.14.0
3 silly config load:file:/data/data/com.termux/files/usr/lib/node_modules/npm/npmrc
4 silly config load:file:/data/data/com.termux/files/home/color-app/.npmrc
5 silly config load:file:/data/data/com.termux/files/home/.npmrc
6 silly config load:file:/data/data/com.termux/files/usr/etc/npmrc
7 verbose title npm install express sqlite3 cors razorpay
8 verbose argv "install" "express" "sqlite3" "cors" "razorpay"
9 verbose logfile logs-max:10 dir:/data/data/com.termux/files/home/.npm/_logs/2026-03-23T20_01_52_811Z-
10 verbose logfile /data/data/com.termux/files/home/.npm/_logs/2026-03-23T20_01_52_811Z-debug-0.log
11 silly logfile done cleaning log files
12 silly packumentCache heap:1174405120 maxSize:293601280 maxEntrySize:146800640
13 silly idealTree buildDeps
14 silly fetch manifest express@*
15 silly packumentCache full:https://registry.npmjs.org/express cache-miss
16 http fetch GET 200 https://registry.npmjs.org/express 591ms (cache miss)
17 silly packumentCache full:https://registry.npmjs.org/express set size:undefined disposed:false
18 silly fetch manifest sqlite3@*
19 silly packumentCache full:https://registry.npmjs.org/sqlite3 cache-miss
20 http fetch GET 200 https://registry.npmjs.org/npm 719ms
21 http fetch GET 200 https://registry.npmjs.org/sqlite3 126ms (cache miss)
22 silly packumentCache full:https://registry.npmjs.org/sqlite3 set size:undefined disposed:false
23 silly fetch manifest cors@*
24 silly packumentCache full:https://registry.npmjs.org/cors cache-miss
25 http fetch GET 200 https://registry.npmjs.org/cors 146ms (cache miss)
26 silly packumentCache full:https://registry.npmjs.org/cors set size:undefined disposed:false
27 silly fetch manifest razorpay@*
28 silly packumentCache full:https://registry.npmjs.org/razorpay cache-miss
29 http fetch GET 200 https://registry.npmjs.org/razorpay 156ms (cache miss)
30 silly packumentCache full:https://registry.npmjs.org/razorpay set size:undefined disposed:false
31 silly placeDep ROOT cors@2.8.6 OK for:  want: *
32 silly placeDep ROOT express@5.2.1 OK for:  want: *
33 silly placeDep ROOT razorpay@2.9.6 OK for:  want: *
34 silly placeDep ROOT sqlite3@6.0.1 OK for:  want: *
35 silly fetch manifest object-assign@^4
36 silly packumentCache full:https://registry.npmjs.org/object-assign cache-miss
37 silly fetch manifest vary@^1
38 silly packumentCache full:https://registry.npmjs.org/vary cache-miss
39 silly fetch manifest qs@^6.14.0
40 silly packumentCache full:https://registry.npmjs.org/qs cache-miss
41 silly fetch manifest depd@^2.0.0
42 silly packumentCache full:https://registry.npmjs.org/depd cache-miss
43 silly fetch manifest etag@^1.8.1
44 silly packumentCache full:https://registry.npmjs.org/etag cache-miss
45 silly fetch manifest once@^1.4.0
46 silly packumentCache full:https://registry.npmjs.org/once cache-miss
47 http fetch GET 200 https://registry.npmjs.org/object-assign 129ms (cache miss)
48 silly packumentCache full:https://registry.npmjs.org/object-assign set size:undefined disposed:false
49 silly fetch manifest send@^1.1.0
50 silly packumentCache full:https://registry.npmjs.org/send cache-miss
51 http fetch GET 200 https://registry.npmjs.org/vary 148ms (cache miss)
52 silly packumentCache full:https://registry.npmjs.org/vary set size:undefined disposed:false
53 silly fetch manifest vary@^1.1.2
54 silly packumentCache full:https://registry.npmjs.org/vary cache-miss
55 http cache https://registry.npmjs.org/vary 18ms (cache hit)
56 silly packumentCache full:https://registry.npmjs.org/vary set size:16018 disposed:false
57 silly fetch manifest debug@^4.4.0
58 silly packumentCache full:https://registry.npmjs.org/debug cache-miss
59 http fetch GET 200 https://registry.npmjs.org/send 129ms (cache miss)
60 silly packumentCache full:https://registry.npmjs.org/send set size:undefined disposed:false
61 silly fetch manifest fresh@^2.0.0
62 silly packumentCache full:https://registry.npmjs.org/fresh cache-miss
63 http fetch GET 200 https://registry.npmjs.org/debug 141ms (cache miss)
64 silly packumentCache full:https://registry.npmjs.org/debug set size:undefined disposed:false
65 silly fetch manifest cookie@^0.7.1
66 silly packumentCache full:https://registry.npmjs.org/cookie cache-miss
67 http fetch GET 200 https://registry.npmjs.org/fresh 145ms (cache miss)
68 silly packumentCache full:https://registry.npmjs.org/fresh set size:undefined disposed:false
69 silly fetch manifest router@^2.2.0
70 silly packumentCache full:https://registry.npmjs.org/router cache-miss
71 http fetch GET 200 https://registry.npmjs.org/depd 428ms (cache miss)
72 silly packumentCache full:https://registry.npmjs.org/depd set size:undefined disposed:false
73 silly fetch manifest accepts@^2.0.0
74 silly packumentCache full:https://registry.npmjs.org/accepts cache-miss
75 http fetch GET 200 https://registry.npmjs.org/etag 429ms (cache miss)
76 silly packumentCache full:https://registry.npmjs.org/etag set size:undefined disposed:false
77 silly fetch manifest type-is@^2.0.1
78 silly packumentCache full:https://registry.npmjs.org/type-is cache-miss
79 http fetch GET 200 https://registry.npmjs.org/once 437ms (cache miss)
80 silly packumentCache full:https://registry.npmjs.org/once set size:undefined disposed:false
81 silly fetch manifest parseurl@^1.3.3
82 silly packumentCache full:https://registry.npmjs.org/parseurl cache-miss
83 http fetch GET 200 https://registry.npmjs.org/cookie 119ms (cache miss)
84 silly packumentCache full:https://registry.npmjs.org/cookie set size:undefined disposed:false
85 silly fetch manifest statuses@^2.0.1
86 silly packumentCache full:https://registry.npmjs.org/statuses cache-miss
87 http fetch GET 200 https://registry.npmjs.org/qs 458ms (cache miss)
88 silly packumentCache full:https://registry.npmjs.org/qs set size:undefined disposed:false
89 silly fetch manifest encodeurl@^2.0.0
90 silly packumentCache full:https://registry.npmjs.org/encodeurl cache-miss
91 http fetch GET 200 https://registry.npmjs.org/router 140ms (cache miss)
92 silly packumentCache full:https://registry.npmjs.org/router set size:undefined disposed:false
93 silly fetch manifest mime-types@^3.0.0
94 silly packumentCache full:https://registry.npmjs.org/mime-types cache-miss
95 http fetch GET 200 https://registry.npmjs.org/statuses 121ms (cache miss)
96 silly packumentCache full:https://registry.npmjs.org/statuses set size:undefined disposed:false
97 silly fetch manifest proxy-addr@^2.0.7
98 silly packumentCache full:https://registry.npmjs.org/proxy-addr cache-miss
99 http fetch GET 200 https://registry.npmjs.org/parseurl 135ms (cache miss)
100 silly packumentCache full:https://registry.npmjs.org/parseurl set size:undefined disposed:false
101 silly fetch manifest body-parser@^2.2.1
102 silly packumentCache full:https://registry.npmjs.org/body-parser cache-miss
103 http fetch GET 200 https://registry.npmjs.org/type-is 149ms (cache miss)
104 silly packumentCache full:https://registry.npmjs.org/type-is set size:undefined disposed:false
105 silly fetch manifest escape-html@^1.0.3
106 silly packumentCache full:https://registry.npmjs.org/escape-html cache-miss
107 http fetch GET 200 https://registry.npmjs.org/encodeurl 122ms (cache miss)
108 silly packumentCache full:https://registry.npmjs.org/encodeurl set size:undefined disposed:false
109 silly fetch manifest http-errors@^2.0.0
110 silly packumentCache full:https://registry.npmjs.org/http-errors cache-miss
111 http fetch GET 200 https://registry.npmjs.org/mime-types 146ms (cache miss)
112 silly packumentCache full:https://registry.npmjs.org/mime-types set size:undefined disposed:false
113 silly fetch manifest on-finished@^2.4.1
114 silly packumentCache full:https://registry.npmjs.org/on-finished cache-miss
115 http fetch GET 200 https://registry.npmjs.org/escape-html 136ms (cache miss)
116 silly packumentCache full:https://registry.npmjs.org/escape-html set size:undefined disposed:false
117 silly fetch manifest content-type@^1.0.5
118 silly packumentCache full:https://registry.npmjs.org/content-type cache-miss
119 http fetch GET 200 https://registry.npmjs.org/proxy-addr 153ms (cache miss)
120 silly packumentCache full:https://registry.npmjs.org/proxy-addr set size:undefined disposed:false
121 silly fetch manifest finalhandler@^2.1.0
122 silly packumentCache full:https://registry.npmjs.org/finalhandler cache-miss
123 http fetch GET 200 https://registry.npmjs.org/http-errors 141ms (cache miss)
124 silly packumentCache full:https://registry.npmjs.org/http-errors set size:undefined disposed:false
125 silly fetch manifest range-parser@^1.2.1
126 silly packumentCache full:https://registry.npmjs.org/range-parser cache-miss
127 http fetch GET 200 https://registry.npmjs.org/body-parser 155ms (cache miss)
128 silly packumentCache full:https://registry.npmjs.org/body-parser set size:undefined disposed:false
129 silly fetch manifest serve-static@^2.2.0
130 silly packumentCache full:https://registry.npmjs.org/serve-static cache-miss
131 http fetch GET 200 https://registry.npmjs.org/accepts 364ms (cache miss)
132 silly packumentCache full:https://registry.npmjs.org/accepts set size:undefined disposed:false
133 silly fetch manifest cookie-signature@^1.2.1
134 silly packumentCache full:https://registry.npmjs.org/cookie-signature cache-miss
135 http fetch GET 200 https://registry.npmjs.org/content-type 101ms (cache miss)
136 silly packumentCache full:https://registry.npmjs.org/content-type set size:undefined disposed:false
137 silly fetch manifest merge-descriptors@^2.0.0
138 silly packumentCache full:https://registry.npmjs.org/merge-descriptors cache-miss
139 http fetch GET 200 https://registry.npmjs.org/on-finished 120ms (cache miss)
140 silly packumentCache full:https://registry.npmjs.org/on-finished set size:undefined disposed:false
141 silly fetch manifest content-disposition@^1.0.0
142 silly packumentCache full:https://registry.npmjs.org/content-disposition cache-miss
143 http fetch GET 200 https://registry.npmjs.org/finalhandler 121ms (cache miss)
144 silly packumentCache full:https://registry.npmjs.org/finalhandler set size:undefined disposed:false
145 silly fetch manifest axios@^1.6.8
146 silly packumentCache full:https://registry.npmjs.org/axios cache-miss
147 http fetch GET 200 https://registry.npmjs.org/range-parser 125ms (cache miss)
148 silly packumentCache full:https://registry.npmjs.org/range-parser set size:undefined disposed:false
149 silly fetch manifest bindings@^1.5.0
150 silly packumentCache full:https://registry.npmjs.org/bindings cache-miss
151 http fetch GET 200 https://registry.npmjs.org/serve-static 122ms (cache miss)
152 silly packumentCache full:https://registry.npmjs.org/serve-static set size:undefined disposed:false
153 silly fetch manifest node-addon-api@^8.0.0
154 silly packumentCache full:https://registry.npmjs.org/node-addon-api cache-miss
155 http fetch GET 200 https://registry.npmjs.org/cookie-signature 106ms (cache miss)
156 silly packumentCache full:https://registry.npmjs.org/cookie-signature set size:undefined disposed:false
157 silly fetch manifest prebuild-install@^7.1.3
158 silly packumentCache full:https://registry.npmjs.org/prebuild-install cache-miss
159 http fetch GET 200 https://registry.npmjs.org/merge-descriptors 136ms (cache miss)
160 silly packumentCache full:https://registry.npmjs.org/merge-descriptors set size:undefined disposed:false
161 silly fetch manifest tar@^7.5.10
162 silly packumentCache full:https://registry.npmjs.org/tar cache-miss
163 http fetch GET 200 https://registry.npmjs.org/content-disposition 148ms (cache miss)
164 silly packumentCache full:https://registry.npmjs.org/content-disposition set size:undefined disposed:false
165 silly fetch manifest node-gyp@12.x
166 silly packumentCache full:https://registry.npmjs.org/node-gyp cache-miss
167 http fetch GET 200 https://registry.npmjs.org/bindings 139ms (cache miss)
168 silly packumentCache full:https://registry.npmjs.org/bindings set size:undefined disposed:false
169 http fetch GET 200 https://registry.npmjs.org/axios 161ms (cache miss)
170 silly packumentCache full:https://registry.npmjs.org/axios set size:undefined disposed:false
171 http fetch GET 200 https://registry.npmjs.org/tar 190ms (cache miss)
172 silly packumentCache full:https://registry.npmjs.org/tar set size:undefined disposed:false
173 http fetch GET 200 https://registry.npmjs.org/node-gyp 451ms (cache miss)
174 silly packumentCache full:https://registry.npmjs.org/node-gyp set size:undefined disposed:false
175 http fetch GET 200 https://registry.npmjs.org/node-addon-api 865ms (cache miss)
176 silly packumentCache full:https://registry.npmjs.org/node-addon-api set size:undefined disposed:false
177 http fetch GET 200 https://registry.npmjs.org/prebuild-install 1063ms (cache miss)
178 silly packumentCache full:https://registry.npmjs.org/prebuild-install set size:undefined disposed:false
179 silly placeDep ROOT object-assign@4.1.1 OK for: cors@2.8.6 want: ^4
180 silly placeDep ROOT vary@1.1.2 OK for: cors@2.8.6 want: ^1
181 silly placeDep ROOT accepts@2.0.0 OK for: express@5.2.1 want: ^2.0.0
182 silly placeDep ROOT body-parser@2.2.2 OK for: express@5.2.1 want: ^2.2.1
183 silly placeDep ROOT content-disposition@1.0.1 OK for: express@5.2.1 want: ^1.0.0
184 silly placeDep ROOT content-type@1.0.5 OK for: express@5.2.1 want: ^1.0.5
185 silly placeDep ROOT cookie@0.7.2 OK for: express@5.2.1 want: ^0.7.1
186 silly placeDep ROOT cookie-signature@1.2.2 OK for: express@5.2.1 want: ^1.2.1
187 silly placeDep ROOT debug@4.4.3 OK for: express@5.2.1 want: ^4.4.0
188 silly placeDep ROOT depd@2.0.0 OK for: express@5.2.1 want: ^2.0.0
189 silly placeDep ROOT encodeurl@2.0.0 OK for: express@5.2.1 want: ^2.0.0
190 silly placeDep ROOT escape-html@1.0.3 OK for: express@5.2.1 want: ^1.0.3
191 silly placeDep ROOT etag@1.8.1 OK for: express@5.2.1 want: ^1.8.1
192 silly placeDep ROOT finalhandler@2.1.1 OK for: express@5.2.1 want: ^2.1.0
193 silly placeDep ROOT fresh@2.0.0 OK for: express@5.2.1 want: ^2.0.0
194 silly placeDep ROOT http-errors@2.0.1 OK for: express@5.2.1 want: ^2.0.0
195 silly placeDep ROOT merge-descriptors@2.0.0 OK for: express@5.2.1 want: ^2.0.0
196 silly placeDep ROOT mime-types@3.0.2 OK for: express@5.2.1 want: ^3.0.0
197 silly placeDep ROOT on-finished@2.4.1 OK for: express@5.2.1 want: ^2.4.1
198 silly placeDep ROOT once@1.4.0 OK for: express@5.2.1 want: ^1.4.0
199 silly placeDep ROOT parseurl@1.3.3 OK for: express@5.2.1 want: ^1.3.3
200 silly placeDep ROOT proxy-addr@2.0.7 OK for: express@5.2.1 want: ^2.0.7
201 silly placeDep ROOT qs@6.15.0 OK for: express@5.2.1 want: ^6.14.0
202 silly placeDep ROOT range-parser@1.2.1 OK for: express@5.2.1 want: ^1.2.1
203 silly placeDep ROOT router@2.2.0 OK for: express@5.2.1 want: ^2.2.0
204 silly placeDep ROOT send@1.2.1 OK for: express@5.2.1 want: ^1.1.0
205 silly placeDep ROOT serve-static@2.2.1 OK for: express@5.2.1 want: ^2.2.0
206 silly placeDep ROOT statuses@2.0.2 OK for: express@5.2.1 want: ^2.0.1
207 silly placeDep ROOT type-is@2.0.1 OK for: express@5.2.1 want: ^2.0.1
208 silly fetch manifest negotiator@^1.0.0
209 silly packumentCache full:https://registry.npmjs.org/negotiator cache-miss
210 silly fetch manifest bytes@^3.1.2
211 silly packumentCache full:https://registry.npmjs.org/bytes cache-miss
212 silly fetch manifest debug@^4.4.3
213 silly packumentCache full:https://registry.npmjs.org/debug cache-miss
214 silly fetch manifest iconv-lite@^0.7.0
215 silly packumentCache full:https://registry.npmjs.org/iconv-lite cache-miss
216 silly fetch manifest qs@^6.14.1
217 silly packumentCache full:https://registry.npmjs.org/qs cache-miss
218 silly fetch manifest raw-body@^3.0.1
219 silly packumentCache full:https://registry.npmjs.org/raw-body cache-miss
220 http cache https://registry.npmjs.org/debug 15ms (cache hit)
221 silly packumentCache full:https://registry.npmjs.org/debug set size:195840 disposed:false
222 silly fetch manifest ms@^2.1.3
223 silly packumentCache full:https://registry.npmjs.org/ms cache-miss
224 http cache https://registry.npmjs.org/qs 21ms (cache hit)
225 silly packumentCache full:https://registry.npmjs.org/qs set size:350258 disposed:false
226 silly fetch manifest inherits@~2.0.4
227 silly packumentCache full:https://registry.npmjs.org/inherits cache-miss
228 http fetch GET 200 https://registry.npmjs.org/inherits 130ms (cache miss)
229 silly packumentCache full:https://registry.npmjs.org/inherits set size:undefined disposed:false
230 silly fetch manifest setprototypeof@~1.2.0
231 silly packumentCache full:https://registry.npmjs.org/setprototypeof cache-miss
232 http fetch GET 200 https://registry.npmjs.org/bytes 167ms (cache miss)
233 silly packumentCache full:https://registry.npmjs.org/bytes set size:undefined disposed:false
234 silly fetch manifest statuses@~2.0.2
235 silly packumentCache full:https://registry.npmjs.org/statuses cache-miss
236 http fetch GET 200 https://registry.npmjs.org/negotiator 176ms (cache miss)
237 silly packumentCache full:https://registry.npmjs.org/negotiator set size:undefined disposed:false
238 silly fetch manifest toidentifier@~1.0.1
239 silly packumentCache full:https://registry.npmjs.org/toidentifier cache-miss
240 http fetch GET 200 https://registry.npmjs.org/iconv-lite 180ms (cache miss)
241 silly packumentCache full:https://registry.npmjs.org/iconv-lite set size:undefined disposed:false
242 silly fetch manifest mime-db@^1.54.0
243 silly packumentCache full:https://registry.npmjs.org/mime-db cache-miss
244 http fetch GET 200 https://registry.npmjs.org/ms 165ms (cache miss)
245 silly packumentCache full:https://registry.npmjs.org/ms set size:undefined disposed:false
246 silly fetch manifest ee-first@1.1.1
247 silly packumentCache full:https://registry.npmjs.org/ee-first cache-miss
248 http fetch GET 200 https://registry.npmjs.org/raw-body 190ms (cache miss)
249 silly packumentCache full:https://registry.npmjs.org/raw-body set size:undefined disposed:false
250 silly fetch manifest wrappy@1
251 silly packumentCache full:https://registry.npmjs.org/wrappy cache-miss
252 http cache https://registry.npmjs.org/statuses 31ms (cache hit)
253 silly packumentCache full:https://registry.npmjs.org/statuses set size:37117 disposed:false
254 silly fetch manifest forwarded@0.2.0
255 silly packumentCache full:https://registry.npmjs.org/forwarded cache-miss
256 http fetch GET 200 https://registry.npmjs.org/setprototypeof 128ms (cache miss)
257 silly packumentCache full:https://registry.npmjs.org/setprototypeof set size:undefined disposed:false
258 silly fetch manifest ipaddr.js@1.9.1
259 silly packumentCache full:https://registry.npmjs.org/ipaddr.js cache-miss
260 http fetch GET 200 https://registry.npmjs.org/toidentifier 122ms (cache miss)
261 silly packumentCache full:https://registry.npmjs.org/toidentifier set size:undefined disposed:false
262 silly fetch manifest side-channel@^1.1.0
263 silly packumentCache full:https://registry.npmjs.org/side-channel cache-miss
264 http fetch GET 200 https://registry.npmjs.org/wrappy 132ms (cache miss)
265 silly packumentCache full:https://registry.npmjs.org/wrappy set size:undefined disposed:false
266 silly fetch manifest is-promise@^4.0.0
267 silly packumentCache full:https://registry.npmjs.org/is-promise cache-miss
268 http fetch GET 200 https://registry.npmjs.org/ee-first 146ms (cache miss)
269 silly packumentCache full:https://registry.npmjs.org/ee-first set size:undefined disposed:false
270 silly fetch manifest path-to-regexp@^8.0.0
271 silly packumentCache full:https://registry.npmjs.org/path-to-regexp cache-miss
272 http fetch GET 200 https://registry.npmjs.org/forwarded 136ms (cache miss)
273 silly packumentCache full:https://registry.npmjs.org/forwarded set size:undefined disposed:false
274 silly fetch manifest statuses@^2.0.2
275 silly packumentCache full:https://registry.npmjs.org/statuses cache-hit
276 silly fetch manifest media-typer@^1.1.0
277 silly packumentCache full:https://registry.npmjs.org/media-typer cache-miss
278 http fetch GET 200 https://registry.npmjs.org/mime-db 162ms (cache miss)
279 silly packumentCache full:https://registry.npmjs.org/mime-db set size:undefined disposed:false
280 http fetch GET 200 https://registry.npmjs.org/media-typer 137ms (cache miss)
281 silly packumentCache full:https://registry.npmjs.org/media-typer set size:undefined disposed:false
282 http fetch GET 200 https://registry.npmjs.org/is-promise 149ms (cache miss)
283 silly packumentCache full:https://registry.npmjs.org/is-promise set size:undefined disposed:false
284 http fetch GET 200 https://registry.npmjs.org/ipaddr.js 187ms (cache miss)
285 silly packumentCache full:https://registry.npmjs.org/ipaddr.js set size:undefined disposed:false
286 http fetch GET 200 https://registry.npmjs.org/side-channel 188ms (cache miss)
287 silly packumentCache full:https://registry.npmjs.org/side-channel set size:undefined disposed:false
288 http fetch GET 200 https://registry.npmjs.org/path-to-regexp 157ms (cache miss)
289 silly packumentCache full:https://registry.npmjs.org/path-to-regexp set size:undefined disposed:false
290 silly placeDep ROOT negotiator@1.0.0 OK for: accepts@2.0.0 want: ^1.0.0
291 silly placeDep ROOT bytes@3.1.2 OK for: body-parser@2.2.2 want: ^3.1.2
292 silly placeDep ROOT iconv-lite@0.7.2 OK for: body-parser@2.2.2 want: ^0.7.0
293 silly placeDep ROOT raw-body@3.0.2 OK for: body-parser@2.2.2 want: ^3.0.1
294 silly fetch manifest safer-buffer@>= 2.1.2 < 3.0.0
295 silly packumentCache full:https://registry.npmjs.org/safer-buffer cache-miss
296 silly fetch manifest unpipe@~1.0.0
297 silly packumentCache full:https://registry.npmjs.org/unpipe cache-miss
298 http fetch GET 200 https://registry.npmjs.org/unpipe 158ms (cache miss)
299 silly packumentCache full:https://registry.npmjs.org/unpipe set size:undefined disposed:false
300 http fetch GET 200 https://registry.npmjs.org/safer-buffer 162ms (cache miss)
301 silly packumentCache full:https://registry.npmjs.org/safer-buffer set size:undefined disposed:false
302 silly placeDep ROOT ms@2.1.3 OK for: debug@4.4.3 want: ^2.1.3
303 silly placeDep ROOT inherits@2.0.4 OK for: http-errors@2.0.1 want: ~2.0.4
304 silly placeDep ROOT setprototypeof@1.2.0 OK for: http-errors@2.0.1 want: ~1.2.0
305 silly placeDep ROOT toidentifier@1.0.1 OK for: http-errors@2.0.1 want: ~1.0.1
306 silly placeDep ROOT safer-buffer@2.1.2 OK for: iconv-lite@0.7.2 want: >= 2.1.2 < 3.0.0
307 silly placeDep ROOT mime-db@1.54.0 OK for: mime-types@3.0.2 want: ^1.54.0
308 silly placeDep ROOT ee-first@1.1.1 OK for: on-finished@2.4.1 want: 1.1.1
309 silly placeDep ROOT wrappy@1.0.2 OK for: once@1.4.0 want: 1
310 silly placeDep ROOT forwarded@0.2.0 OK for: proxy-addr@2.0.7 want: 0.2.0
311 silly placeDep ROOT ipaddr.js@1.9.1 OK for: proxy-addr@2.0.7 want: 1.9.1
312 silly placeDep ROOT side-channel@1.1.0 OK for: qs@6.15.0 want: ^1.1.0
313 silly fetch manifest es-errors@^1.3.0
314 silly packumentCache full:https://registry.npmjs.org/es-errors cache-miss
315 silly fetch manifest object-inspect@^1.13.3
316 silly packumentCache full:https://registry.npmjs.org/object-inspect cache-miss
317 silly fetch manifest side-channel-list@^1.0.0
318 silly packumentCache full:https://registry.npmjs.org/side-channel-list cache-miss
319 silly fetch manifest side-channel-map@^1.0.1
320 silly packumentCache full:https://registry.npmjs.org/side-channel-map cache-miss
321 silly fetch manifest side-channel-weakmap@^1.0.2
322 silly packumentCache full:https://registry.npmjs.org/side-channel-weakmap cache-miss
323 http fetch GET 200 https://registry.npmjs.org/es-errors 161ms (cache miss)
324 silly packumentCache full:https://registry.npmjs.org/es-errors set size:undefined disposed:false
325 http fetch GET 200 https://registry.npmjs.org/side-channel-list 162ms (cache miss)
326 silly packumentCache full:https://registry.npmjs.org/side-channel-list set size:undefined disposed:false
327 http fetch GET 200 https://registry.npmjs.org/side-channel-weakmap 163ms (cache miss)
328 silly packumentCache full:https://registry.npmjs.org/side-channel-weakmap set size:undefined disposed:false
329 http fetch GET 200 https://registry.npmjs.org/object-inspect 168ms (cache miss)
330 silly packumentCache full:https://registry.npmjs.org/object-inspect set size:undefined disposed:false
331 http fetch GET 200 https://registry.npmjs.org/side-channel-map 215ms (cache miss)
332 silly packumentCache full:https://registry.npmjs.org/side-channel-map set size:undefined disposed:false
333 silly placeDep ROOT unpipe@1.0.0 OK for: raw-body@3.0.2 want: ~1.0.0
334 silly placeDep ROOT axios@1.13.6 OK for: razorpay@2.9.6 want: ^1.6.8
335 silly fetch manifest follow-redirects@^1.15.11
336 silly packumentCache full:https://registry.npmjs.org/follow-redirects cache-miss
337 silly fetch manifest form-data@^4.0.5
338 silly packumentCache full:https://registry.npmjs.org/form-data cache-miss
339 silly fetch manifest proxy-from-env@^1.1.0
340 silly packumentCache full:https://registry.npmjs.org/proxy-from-env cache-miss
341 http fetch GET 200 https://registry.npmjs.org/proxy-from-env 167ms (cache miss)
342 silly packumentCache full:https://registry.npmjs.org/proxy-from-env set size:undefined disposed:false
343 http fetch GET 200 https://registry.npmjs.org/form-data 175ms (cache miss)
344 silly packumentCache full:https://registry.npmjs.org/form-data set size:undefined disposed:false
345 http fetch GET 200 https://registry.npmjs.org/follow-redirects 186ms (cache miss)
346 silly packumentCache full:https://registry.npmjs.org/follow-redirects set size:undefined disposed:false
347 silly placeDep ROOT follow-redirects@1.15.11 OK for: axios@1.13.6 want: ^1.15.11
348 silly placeDep ROOT form-data@4.0.5 OK for: axios@1.13.6 want: ^4.0.5
349 silly placeDep ROOT proxy-from-env@1.1.0 OK for: axios@1.13.6 want: ^1.1.0
350 silly fetch manifest asynckit@^0.4.0
351 silly packumentCache full:https://registry.npmjs.org/asynckit cache-miss
352 silly fetch manifest combined-stream@^1.0.8
353 silly packumentCache full:https://registry.npmjs.org/combined-stream cache-miss
354 silly fetch manifest es-set-tostringtag@^2.1.0
355 silly packumentCache full:https://registry.npmjs.org/es-set-tostringtag cache-miss
356 silly fetch manifest hasown@^2.0.2
357 silly packumentCache full:https://registry.npmjs.org/hasown cache-miss
358 silly fetch manifest mime-types@^2.1.12
359 silly packumentCache full:https://registry.npmjs.org/mime-types cache-miss
360 http cache https://registry.npmjs.org/mime-types 11ms (cache hit)
361 silly packumentCache full:https://registry.npmjs.org/mime-types set size:139110 disposed:false
362 http fetch GET 200 https://registry.npmjs.org/asynckit 111ms (cache miss)
363 silly packumentCache full:https://registry.npmjs.org/asynckit set size:undefined disposed:false
364 http fetch GET 200 https://registry.npmjs.org/es-set-tostringtag 139ms (cache miss)
365 silly packumentCache full:https://registry.npmjs.org/es-set-tostringtag set size:undefined disposed:false
366 http fetch GET 200 https://registry.npmjs.org/hasown 143ms (cache miss)
367 silly packumentCache full:https://registry.npmjs.org/hasown set size:undefined disposed:false
368 http fetch GET 200 https://registry.npmjs.org/combined-stream 148ms (cache miss)
369 silly packumentCache full:https://registry.npmjs.org/combined-stream set size:undefined disposed:false
370 silly placeDep ROOT asynckit@0.4.0 OK for: form-data@4.0.5 want: ^0.4.0
371 silly placeDep ROOT combined-stream@1.0.8 OK for: form-data@4.0.5 want: ^1.0.8
372 silly placeDep ROOT es-set-tostringtag@2.1.0 OK for: form-data@4.0.5 want: ^2.1.0
373 silly placeDep ROOT hasown@2.0.2 OK for: form-data@4.0.5 want: ^2.0.2
374 silly placeDep node_modules/form-data mime-types@2.1.35 OK for: form-data@4.0.5 want: ^2.1.12
375 silly fetch manifest delayed-stream@~1.0.0
376 silly packumentCache full:https://registry.npmjs.org/delayed-stream cache-miss
377 silly fetch manifest get-intrinsic@^1.2.6
378 silly packumentCache full:https://registry.npmjs.org/get-intrinsic cache-miss
379 silly fetch manifest has-tostringtag@^1.0.2
380 silly packumentCache full:https://registry.npmjs.org/has-tostringtag cache-miss
381 silly fetch manifest function-bind@^1.1.2
382 silly packumentCache full:https://registry.npmjs.org/function-bind cache-miss
383 silly fetch manifest mime-db@1.52.0
384 silly packumentCache full:https://registry.npmjs.org/mime-db cache-miss
385 http cache https://registry.npmjs.org/mime-db 10ms (cache hit)
386 silly packumentCache full:https://registry.npmjs.org/mime-db set size:164953 disposed:false
387 http fetch GET 200 https://registry.npmjs.org/has-tostringtag 147ms (cache miss)
388 silly packumentCache full:https://registry.npmjs.org/has-tostringtag set size:undefined disposed:false
389 http fetch GET 200 https://registry.npmjs.org/function-bind 150ms (cache miss)
390 silly packumentCache full:https://registry.npmjs.org/function-bind set size:undefined disposed:false
391 http fetch GET 200 https://registry.npmjs.org/delayed-stream 156ms (cache miss)
392 silly packumentCache full:https://registry.npmjs.org/delayed-stream set size:undefined disposed:false
393 http fetch GET 200 https://registry.npmjs.org/get-intrinsic 158ms (cache miss)
394 silly packumentCache full:https://registry.npmjs.org/get-intrinsic set size:undefined disposed:false
395 silly placeDep ROOT delayed-stream@1.0.0 OK for: combined-stream@1.0.8 want: ~1.0.0
396 silly placeDep ROOT es-errors@1.3.0 OK for: es-set-tostringtag@2.1.0 want: ^1.3.0
397 silly placeDep ROOT get-intrinsic@1.3.0 OK for: es-set-tostringtag@2.1.0 want: ^1.2.6
398 silly placeDep ROOT has-tostringtag@1.0.2 OK for: es-set-tostringtag@2.1.0 want: ^1.0.2
399 silly fetch manifest gopd@^1.2.0
400 silly packumentCache full:https://registry.npmjs.org/gopd cache-miss
401 silly fetch manifest get-proto@^1.0.1
402 silly packumentCache full:https://registry.npmjs.org/get-proto cache-miss
403 silly fetch manifest has-symbols@^1.1.0
404 silly packumentCache full:https://registry.npmjs.org/has-symbols cache-miss
405 silly fetch manifest es-object-atoms@^1.1.1
406 silly packumentCache full:https://registry.npmjs.org/es-object-atoms cache-miss
407 silly fetch manifest math-intrinsics@^1.1.0
408 silly packumentCache full:https://registry.npmjs.org/math-intrinsics cache-miss
409 silly fetch manifest es-define-property@^1.0.1
410 silly packumentCache full:https://registry.npmjs.org/es-define-property cache-miss
411 http fetch GET 200 https://registry.npmjs.org/gopd 123ms (cache miss)
412 silly packumentCache full:https://registry.npmjs.org/gopd set size:undefined disposed:false
413 silly fetch manifest call-bind-apply-helpers@^1.0.2
414 silly packumentCache full:https://registry.npmjs.org/call-bind-apply-helpers cache-miss
415 http fetch GET 200 https://registry.npmjs.org/es-define-property 124ms (cache miss)
416 silly packumentCache full:https://registry.npmjs.org/es-define-property set size:undefined disposed:false
417 silly fetch manifest has-symbols@^1.0.3
418 silly packumentCache full:https://registry.npmjs.org/has-symbols cache-miss
419 http fetch GET 200 https://registry.npmjs.org/get-proto 151ms (cache miss)
420 silly packumentCache full:https://registry.npmjs.org/get-proto set size:undefined disposed:false
421 http fetch GET 200 https://registry.npmjs.org/es-object-atoms 151ms (cache miss)
422 silly packumentCache full:https://registry.npmjs.org/es-object-atoms set size:undefined disposed:false
423 http fetch GET 200 https://registry.npmjs.org/has-symbols 156ms (cache miss)
424 silly packumentCache full:https://registry.npmjs.org/has-symbols set size:undefined disposed:false
425 http fetch GET 200 https://registry.npmjs.org/math-intrinsics 156ms (cache miss)
426 silly packumentCache full:https://registry.npmjs.org/math-intrinsics set size:undefined disposed:false
427 http fetch GET 200 https://registry.npmjs.org/call-bind-apply-helpers 121ms (cache miss)
428 silly packumentCache full:https://registry.npmjs.org/call-bind-apply-helpers set size:undefined disposed:false
429 http fetch GET 200 https://registry.npmjs.org/has-symbols 123ms (cache miss)
430 silly packumentCache full:https://registry.npmjs.org/has-symbols set size:undefined disposed:false
431 silly placeDep ROOT call-bind-apply-helpers@1.0.2 OK for: get-intrinsic@1.3.0 want: ^1.0.2
432 silly placeDep ROOT es-define-property@1.0.1 OK for: get-intrinsic@1.3.0 want: ^1.0.1
433 silly placeDep ROOT es-object-atoms@1.1.1 OK for: get-intrinsic@1.3.0 want: ^1.1.1
434 silly placeDep ROOT function-bind@1.1.2 OK for: get-intrinsic@1.3.0 want: ^1.1.2
435 silly placeDep ROOT get-proto@1.0.1 OK for: get-intrinsic@1.3.0 want: ^1.0.1
436 silly placeDep ROOT gopd@1.2.0 OK for: get-intrinsic@1.3.0 want: ^1.2.0
437 silly placeDep ROOT has-symbols@1.1.0 OK for: get-intrinsic@1.3.0 want: ^1.1.0
438 silly placeDep ROOT math-intrinsics@1.1.0 OK for: get-intrinsic@1.3.0 want: ^1.1.0
439 silly fetch manifest dunder-proto@^1.0.1
440 silly packumentCache full:https://registry.npmjs.org/dunder-proto cache-miss
441 http fetch GET 200 https://registry.npmjs.org/dunder-proto 109ms (cache miss)
442 silly packumentCache full:https://registry.npmjs.org/dunder-proto set size:undefined disposed:false
443 silly placeDep ROOT dunder-proto@1.0.1 OK for: get-proto@1.0.1 want: ^1.0.1
444 silly placeDep ROOT is-promise@4.0.0 OK for: router@2.2.0 want: ^4.0.0
445 silly placeDep ROOT path-to-regexp@8.3.0 OK for: router@2.2.0 want: ^8.0.0
446 silly placeDep ROOT object-inspect@1.13.4 OK for: side-channel@1.1.0 want: ^1.13.3
447 silly placeDep ROOT side-channel-list@1.0.0 OK for: side-channel@1.1.0 want: ^1.0.0
448 silly placeDep ROOT side-channel-map@1.0.1 OK for: side-channel@1.1.0 want: ^1.0.1
449 silly placeDep ROOT side-channel-weakmap@1.0.2 OK for: side-channel@1.1.0 want: ^1.0.2
450 silly fetch manifest call-bound@^1.0.2
451 silly packumentCache full:https://registry.npmjs.org/call-bound cache-miss
452 silly fetch manifest call-bound@^1.0.2
453 silly packumentCache full:https://registry.npmjs.org/call-bound cache-miss
454 http fetch GET 200 https://registry.npmjs.org/call-bound 127ms (cache miss)
455 silly packumentCache full:https://registry.npmjs.org/call-bound set size:undefined disposed:false
456 http fetch GET 200 https://registry.npmjs.org/call-bound 132ms (cache miss)
457 silly packumentCache full:https://registry.npmjs.org/call-bound set size:undefined disposed:false
458 silly placeDep ROOT call-bound@1.0.4 OK for: side-channel-map@1.0.1 want: ^1.0.2
459 silly placeDep ROOT bindings@1.5.0 OK for: sqlite3@6.0.1 want: ^1.5.0
460 silly placeDep ROOT node-addon-api@8.6.0 OK for: sqlite3@6.0.1 want: ^8.0.0
461 silly placeDep ROOT node-gyp@12.2.0 OK for: sqlite3@6.0.1 want: 12.x
462 silly placeDep ROOT prebuild-install@7.1.3 OK for: sqlite3@6.0.1 want: ^7.1.3
463 silly placeDep ROOT tar@7.5.13 OK for: sqlite3@6.0.1 want: ^7.5.10
464 silly fetch manifest file-uri-to-path@1.0.0
465 silly packumentCache full:https://registry.npmjs.org/file-uri-to-path cache-miss
466 silly fetch manifest env-paths@^2.2.0
467 silly packumentCache full:https://registry.npmjs.org/env-paths cache-miss
468 silly fetch manifest exponential-backoff@^3.1.1
469 silly packumentCache full:https://registry.npmjs.org/exponential-backoff cache-miss
470 silly fetch manifest graceful-fs@^4.2.6
471 silly packumentCache full:https://registry.npmjs.org/graceful-fs cache-miss
472 silly fetch manifest make-fetch-happen@^15.0.0
473 silly packumentCache full:https://registry.npmjs.org/make-fetch-happen cache-miss
474 silly fetch manifest nopt@^9.0.0
475 silly packumentCache full:https://registry.npmjs.org/nopt cache-miss
476 http fetch GET 200 https://registry.npmjs.org/env-paths 153ms (cache miss)
477 silly packumentCache full:https://registry.npmjs.org/env-paths set size:undefined disposed:false
478 silly fetch manifest proc-log@^6.0.0
479 silly packumentCache full:https://registry.npmjs.org/proc-log cache-miss
480 http fetch GET 200 https://registry.npmjs.org/nopt 157ms (cache miss)
481 silly packumentCache full:https://registry.npmjs.org/nopt set size:undefined disposed:false
482 silly fetch manifest semver@^7.3.5
483 silly packumentCache full:https://registry.npmjs.org/semver cache-miss
484 http fetch GET 200 https://registry.npmjs.org/exponential-backoff 169ms (cache miss)
485 silly packumentCache full:https://registry.npmjs.org/exponential-backoff set size:undefined disposed:false
486 silly fetch manifest tar@^7.5.4
487 silly packumentCache full:https://registry.npmjs.org/tar cache-miss
488 http cache https://registry.npmjs.org/tar 10ms (cache hit)
489 silly packumentCache full:https://registry.npmjs.org/tar set size:531438 disposed:false
490 silly fetch manifest tinyglobby@^0.2.12
491 silly packumentCache full:https://registry.npmjs.org/tinyglobby cache-miss
492 http fetch GET 200 https://registry.npmjs.org/make-fetch-happen 198ms (cache miss)
493 silly packumentCache full:https://registry.npmjs.org/make-fetch-happen set size:undefined disposed:false
494 silly fetch manifest which@^6.0.0
495 silly packumentCache full:https://registry.npmjs.org/which cache-miss
496 http fetch GET 200 https://registry.npmjs.org/proc-log 146ms (cache miss)
497 silly packumentCache full:https://registry.npmjs.org/proc-log set size:undefined disposed:false
498 silly fetch manifest rc@^1.2.7
499 silly packumentCache full:https://registry.npmjs.org/rc cache-miss
500 http fetch GET 200 https://registry.npmjs.org/semver 150ms (cache miss)
501 silly packumentCache full:https://registry.npmjs.org/semver set size:undefined disposed:false
502 silly fetch manifest pump@^3.0.0
503 silly packumentCache full:https://registry.npmjs.org/pump cache-miss
504 http fetch GET 200 https://registry.npmjs.org/tinyglobby 124ms (cache miss)
505 silly packumentCache full:https://registry.npmjs.org/tinyglobby set size:undefined disposed:false
506 silly fetch manifest tar-fs@^2.0.0
507 silly packumentCache full:https://registry.npmjs.org/tar-fs cache-miss
508 http fetch GET 200 https://registry.npmjs.org/which 120ms (cache miss)
509 silly packumentCache full:https://registry.npmjs.org/which set size:undefined disposed:false
510 silly fetch manifest minimist@^1.2.3
511 silly packumentCache full:https://registry.npmjs.org/minimist cache-miss
512 http fetch GET 200 https://registry.npmjs.org/rc 130ms (cache miss)
513 silly packumentCache full:https://registry.npmjs.org/rc set size:undefined disposed:false
514 silly fetch manifest node-abi@^3.3.0
515 silly packumentCache full:https://registry.npmjs.org/node-abi cache-miss
516 http fetch GET 200 https://registry.npmjs.org/pump 123ms (cache miss)
517 silly packumentCache full:https://registry.npmjs.org/pump set size:undefined disposed:false
518 silly fetch manifest simple-get@^4.0.0
519 silly packumentCache full:https://registry.npmjs.org/simple-get cache-miss
520 http fetch GET 200 https://registry.npmjs.org/minimist 139ms (cache miss)
521 silly packumentCache full:https://registry.npmjs.org/minimist set size:undefined disposed:false
522 silly fetch manifest detect-libc@^2.0.0
523 silly packumentCache full:https://registry.npmjs.org/detect-libc cache-miss
524 http fetch GET 200 https://registry.npmjs.org/detect-libc 129ms (cache miss)
525 silly packumentCache full:https://registry.npmjs.org/detect-libc set size:undefined disposed:false
526 silly fetch manifest tunnel-agent@^0.6.0
527 silly packumentCache full:https://registry.npmjs.org/tunnel-agent cache-miss
528 http fetch GET 200 https://registry.npmjs.org/tunnel-agent 116ms (cache miss)
529 silly packumentCache full:https://registry.npmjs.org/tunnel-agent set size:undefined disposed:false
530 silly fetch manifest mkdirp-classic@^0.5.3
531 silly packumentCache full:https://registry.npmjs.org/mkdirp-classic cache-miss
532 http fetch GET 200 https://registry.npmjs.org/graceful-fs 848ms (cache miss)
533 silly packumentCache full:https://registry.npmjs.org/graceful-fs set size:undefined disposed:false
534 silly fetch manifest expand-template@^2.0.3
535 silly packumentCache full:https://registry.npmjs.org/expand-template cache-miss
536 http fetch GET 200 https://registry.npmjs.org/file-uri-to-path 914ms (cache miss)
537 silly packumentCache full:https://registry.npmjs.org/file-uri-to-path set size:undefined disposed:false
538 silly fetch manifest napi-build-utils@^2.0.0
539 silly packumentCache full:https://registry.npmjs.org/napi-build-utils cache-miss
540 http fetch GET 200 https://registry.npmjs.org/napi-build-utils 131ms (cache miss)
541 silly packumentCache full:https://registry.npmjs.org/napi-build-utils set size:undefined disposed:false
542 silly fetch manifest github-from-package@0.0.0
543 silly packumentCache full:https://registry.npmjs.org/github-from-package cache-miss
544 http fetch GET 200 https://registry.npmjs.org/tar-fs 849ms (cache miss)
545 silly packumentCache full:https://registry.npmjs.org/tar-fs set size:undefined disposed:false
546 silly fetch manifest @isaacs/fs-minipass@^4.0.0
547 silly packumentCache full:https://registry.npmjs.org/@isaacs%2ffs-minipass cache-miss
548 http fetch GET 200 https://registry.npmjs.org/expand-template 341ms (cache miss)
549 silly packumentCache full:https://registry.npmjs.org/expand-template set size:undefined disposed:false
550 silly fetch manifest chownr@^3.0.0
551 silly packumentCache full:https://registry.npmjs.org/chownr cache-miss
552 http fetch GET 200 https://registry.npmjs.org/@isaacs%2ffs-minipass 114ms (cache miss)
553 silly packumentCache full:https://registry.npmjs.org/@isaacs%2ffs-minipass set size:undefined disposed:false
554 silly fetch manifest minipass@^7.1.2
555 silly packumentCache full:https://registry.npmjs.org/minipass cache-miss
556 http fetch GET 200 https://registry.npmjs.org/chownr 109ms (cache miss)
557 silly packumentCache full:https://registry.npmjs.org/chownr set size:undefined disposed:false
558 silly fetch manifest minizlib@^3.1.0
559 silly packumentCache full:https://registry.npmjs.org/minizlib cache-miss
560 http fetch GET 200 https://registry.npmjs.org/simple-get 915ms (cache miss)
561 silly packumentCache full:https://registry.npmjs.org/simple-get set size:undefined disposed:false
562 silly fetch manifest yallist@^5.0.0
563 silly packumentCache full:https://registry.npmjs.org/yallist cache-miss
564 http fetch GET 200 https://registry.npmjs.org/node-abi 932ms (cache miss)
565 silly packumentCache full:https://registry.npmjs.org/node-abi set size:undefined disposed:false
566 http fetch GET 200 https://registry.npmjs.org/minipass 98ms (cache miss)
567 silly packumentCache full:https://registry.npmjs.org/minipass set size:undefined disposed:false
568 http fetch GET 200 https://registry.npmjs.org/minizlib 118ms (cache miss)
569 silly packumentCache full:https://registry.npmjs.org/minizlib set size:undefined disposed:false
570 http fetch GET 200 https://registry.npmjs.org/yallist 118ms (cache miss)
571 silly packumentCache full:https://registry.npmjs.org/yallist set size:undefined disposed:false
572 http fetch GET 200 https://registry.npmjs.org/mkdirp-classic 884ms (cache miss)
573 silly packumentCache full:https://registry.npmjs.org/mkdirp-classic set size:undefined disposed:false
574 http fetch GET 200 https://registry.npmjs.org/github-from-package 879ms (cache miss)
575 silly packumentCache full:https://registry.npmjs.org/github-from-package set size:undefined disposed:false
576 silly placeDep ROOT file-uri-to-path@1.0.0 OK for: bindings@1.5.0 want: 1.0.0
577 silly placeDep ROOT env-paths@2.2.1 OK for: node-gyp@12.2.0 want: ^2.2.0
578 silly placeDep ROOT exponential-backoff@3.1.3 OK for: node-gyp@12.2.0 want: ^3.1.1
579 silly placeDep ROOT graceful-fs@4.2.11 OK for: node-gyp@12.2.0 want: ^4.2.6
580 silly placeDep ROOT make-fetch-happen@15.0.5 OK for: node-gyp@12.2.0 want: ^15.0.0
581 silly placeDep ROOT nopt@9.0.0 OK for: node-gyp@12.2.0 want: ^9.0.0
582 silly placeDep ROOT proc-log@6.1.0 OK for: node-gyp@12.2.0 want: ^6.0.0
583 silly placeDep ROOT semver@7.7.4 OK for: node-gyp@12.2.0 want: ^7.3.5
584 silly placeDep ROOT tinyglobby@0.2.15 OK for: node-gyp@12.2.0 want: ^0.2.12
585 silly placeDep ROOT which@6.0.1 OK for: node-gyp@12.2.0 want: ^6.0.0
586 silly fetch manifest ssri@^13.0.0
587 silly packumentCache full:https://registry.npmjs.org/ssri cache-miss
588 silly fetch manifest cacache@^20.0.1
589 silly packumentCache full:https://registry.npmjs.org/cacache cache-miss
590 silly fetch manifest minipass@^7.0.2
591 silly packumentCache full:https://registry.npmjs.org/minipass cache-miss
592 silly fetch manifest @npmcli/agent@^4.0.0
593 silly packumentCache full:https://registry.npmjs.org/@npmcli%2fagent cache-miss
594 silly fetch manifest @npmcli/redact@^4.0.0
595 silly packumentCache full:https://registry.npmjs.org/@npmcli%2fredact cache-miss
596 silly fetch manifest minipass-fetch@^5.0.0
597 silly packumentCache full:https://registry.npmjs.org/minipass-fetch cache-miss
598 http cache https://registry.npmjs.org/minipass 16ms (cache hit)
599 silly packumentCache full:https://registry.npmjs.org/minipass set size:276925 disposed:false
600 silly fetch manifest minipass-flush@^1.0.5
601 silly packumentCache full:https://registry.npmjs.org/minipass-flush cache-miss
602 http fetch GET 200 https://registry.npmjs.org/@npmcli%2fagent 128ms (cache miss)
603 silly packumentCache full:https://registry.npmjs.org/@npmcli%2fagent set size:undefined disposed:false
604 silly fetch manifest minipass-pipeline@^1.2.4
605 silly packumentCache full:https://registry.npmjs.org/minipass-pipeline cache-miss
606 http fetch GET 200 https://registry.npmjs.org/@npmcli%2fredact 136ms (cache miss)
607 silly packumentCache full:https://registry.npmjs.org/@npmcli%2fredact set size:undefined disposed:false
608 silly fetch manifest @gar/promise-retry@^1.0.0
609 silly packumentCache full:https://registry.npmjs.org/@gar%2fpromise-retry cache-miss
610 http fetch GET 200 https://registry.npmjs.org/cacache 149ms (cache miss)
611 silly packumentCache full:https://registry.npmjs.org/cacache set size:undefined disposed:false
612 silly fetch manifest http-cache-semantics@^4.1.1
613 silly packumentCache full:https://registry.npmjs.org/http-cache-semantics cache-miss
614 http fetch GET 200 https://registry.npmjs.org/minipass-flush 141ms (cache miss)
615 silly packumentCache full:https://registry.npmjs.org/minipass-flush set size:undefined disposed:false
616 silly fetch manifest abbrev@^4.0.0
617 silly packumentCache full:https://registry.npmjs.org/abbrev cache-miss
618 http fetch GET 200 https://registry.npmjs.org/minipass-pipeline 115ms (cache miss)
619 silly packumentCache full:https://registry.npmjs.org/minipass-pipeline set size:undefined disposed:false
620 silly fetch manifest fdir@^6.5.0
621 silly packumentCache full:https://registry.npmjs.org/fdir cache-miss
622 http fetch GET 200 https://registry.npmjs.org/abbrev 144ms (cache miss)
623 silly packumentCache full:https://registry.npmjs.org/abbrev set size:undefined disposed:false
624 silly fetch manifest picomatch@^4.0.3
625 silly packumentCache full:https://registry.npmjs.org/picomatch cache-miss
626 http fetch GET 200 https://registry.npmjs.org/ssri 373ms (cache miss)
627 silly packumentCache full:https://registry.npmjs.org/ssri set size:undefined disposed:false
628 silly fetch manifest isexe@^4.0.0
629 silly packumentCache full:https://registry.npmjs.org/isexe cache-miss
630 http fetch GET 200 https://registry.npmjs.org/minipass-fetch 384ms (cache miss)
631 silly packumentCache full:https://registry.npmjs.org/minipass-fetch set size:undefined disposed:false
632 http fetch GET 200 https://registry.npmjs.org/fdir 145ms (cache miss)
633 silly packumentCache full:https://registry.npmjs.org/fdir set size:undefined disposed:false
634 http fetch GET 200 https://registry.npmjs.org/picomatch 115ms (cache miss)
635 silly packumentCache full:https://registry.npmjs.org/picomatch set size:undefined disposed:false
636 http fetch GET 200 https://registry.npmjs.org/@gar%2fpromise-retry 334ms (cache miss)
637 silly packumentCache full:https://registry.npmjs.org/@gar%2fpromise-retry set size:undefined disposed:false
638 http fetch GET 200 https://registry.npmjs.org/isexe 119ms (cache miss)
639 silly packumentCache full:https://registry.npmjs.org/isexe set size:undefined disposed:false
640 http fetch GET 200 https://registry.npmjs.org/http-cache-semantics 430ms (cache miss)
641 silly packumentCache full:https://registry.npmjs.org/http-cache-semantics set size:undefined disposed:false
642 silly placeDep ROOT @gar/promise-retry@1.0.3 OK for: make-fetch-happen@15.0.5 want: ^1.0.0
643 silly placeDep ROOT @npmcli/agent@4.0.0 OK for: make-fetch-happen@15.0.5 want: ^4.0.0
644 silly placeDep ROOT @npmcli/redact@4.0.0 OK for: make-fetch-happen@15.0.5 want: ^4.0.0
645 silly placeDep ROOT cacache@20.0.4 OK for: make-fetch-happen@15.0.5 want: ^20.0.1
646 silly placeDep ROOT http-cache-semantics@4.2.0 OK for: make-fetch-happen@15.0.5 want: ^4.1.1
647 silly placeDep ROOT minipass@7.1.3 OK for: make-fetch-happen@15.0.5 want: ^7.0.2
648 silly placeDep ROOT minipass-fetch@5.0.2 OK for: make-fetch-happen@15.0.5 want: ^5.0.0
649 silly placeDep ROOT minipass-flush@1.0.5 OK for: make-fetch-happen@15.0.5 want: ^1.0.5
650 silly placeDep ROOT minipass-pipeline@1.2.4 OK for: make-fetch-happen@15.0.5 want: ^1.2.4
651 silly placeDep ROOT ssri@13.0.1 OK for: make-fetch-happen@15.0.5 want: ^13.0.0
652 silly fetch manifest lru-cache@^11.2.1
653 silly packumentCache full:https://registry.npmjs.org/lru-cache cache-miss
654 silly fetch manifest agent-base@^7.1.0
655 silly packumentCache full:https://registry.npmjs.org/agent-base cache-miss
656 silly fetch manifest http-proxy-agent@^7.0.0
657 silly packumentCache full:https://registry.npmjs.org/http-proxy-agent cache-miss
658 silly fetch manifest https-proxy-agent@^7.0.1
659 silly packumentCache full:https://registry.npmjs.org/https-proxy-agent cache-miss
660 silly fetch manifest socks-proxy-agent@^8.0.3
661 silly packumentCache full:https://registry.npmjs.org/socks-proxy-agent cache-miss
662 silly fetch manifest glob@^13.0.0
663 silly packumentCache full:https://registry.npmjs.org/glob cache-miss
664 http fetch GET 200 https://registry.npmjs.org/https-proxy-agent 142ms (cache miss)
665 silly packumentCache full:https://registry.npmjs.org/https-proxy-agent set size:undefined disposed:false
666 silly fetch manifest p-map@^7.0.2
667 silly packumentCache full:https://registry.npmjs.org/p-map cache-miss
668 http fetch GET 200 https://registry.npmjs.org/agent-base 156ms (cache miss)
669 silly packumentCache full:https://registry.npmjs.org/agent-base set size:undefined disposed:false
670 silly fetch manifest minipass@^7.0.3
671 silly packumentCache full:https://registry.npmjs.org/minipass cache-hit
672 silly fetch manifest lru-cache@^11.1.0
673 silly packumentCache full:https://registry.npmjs.org/lru-cache cache-miss
674 http fetch GET 200 https://registry.npmjs.org/http-proxy-agent 160ms (cache miss)
675 silly packumentCache full:https://registry.npmjs.org/http-proxy-agent set size:undefined disposed:false
676 silly fetch manifest @npmcli/fs@^5.0.0
677 silly packumentCache full:https://registry.npmjs.org/@npmcli%2ffs cache-miss
678 http fetch GET 200 https://registry.npmjs.org/socks-proxy-agent 164ms (cache miss)
679 silly packumentCache full:https://registry.npmjs.org/socks-proxy-agent set size:undefined disposed:false
680 silly fetch manifest fs-minipass@^3.0.0
681 silly packumentCache full:https://registry.npmjs.org/fs-minipass cache-miss
682 http fetch GET 200 https://registry.npmjs.org/lru-cache 177ms (cache miss)
683 silly packumentCache full:https://registry.npmjs.org/lru-cache set size:undefined disposed:false
684 silly fetch manifest minipass-collect@^2.0.1
685 silly packumentCache full:https://registry.npmjs.org/minipass-collect cache-miss
686 http fetch GET 200 https://registry.npmjs.org/glob 198ms (cache miss)
687 silly packumentCache full:https://registry.npmjs.org/glob set size:undefined disposed:false
688 silly fetch manifest minizlib@^3.0.1
689 silly packumentCache full:https://registry.npmjs.org/minizlib cache-miss
690 http cache https://registry.npmjs.org/minizlib 5ms (cache hit)
691 silly packumentCache full:https://registry.npmjs.org/minizlib set size:62862 disposed:false
692 silly fetch manifest minipass-sized@^2.0.0
693 silly packumentCache full:https://registry.npmjs.org/minipass-sized cache-miss
694 http fetch GET 200 https://registry.npmjs.org/p-map 127ms (cache miss)
695 silly packumentCache full:https://registry.npmjs.org/p-map set size:undefined disposed:false
696 silly fetch manifest minipass@^3.0.0
697 silly packumentCache full:https://registry.npmjs.org/minipass cache-hit
698 http fetch GET 200 https://registry.npmjs.org/fs-minipass 116ms (cache miss)
699 silly packumentCache full:https://registry.npmjs.org/fs-minipass set size:undefined disposed:false
700 http fetch GET 200 https://registry.npmjs.org/lru-cache 192ms (cache miss)
701 silly packumentCache full:https://registry.npmjs.org/lru-cache set size:undefined disposed:false
702 http fetch GET 200 https://registry.npmjs.org/@npmcli%2ffs 400ms (cache miss)
703 silly packumentCache full:https://registry.npmjs.org/@npmcli%2ffs set size:undefined disposed:false
704 http fetch GET 200 https://registry.npmjs.org/minipass-collect 385ms (cache miss)
705 silly packumentCache full:https://registry.npmjs.org/minipass-collect set size:undefined disposed:false
706 http fetch GET 200 https://registry.npmjs.org/minipass-sized 364ms (cache miss)
707 silly packumentCache full:https://registry.npmjs.org/minipass-sized set size:undefined disposed:false
708 silly placeDep ROOT agent-base@7.1.4 OK for: @npmcli/agent@4.0.0 want: ^7.1.0
709 silly placeDep ROOT http-proxy-agent@7.0.2 OK for: @npmcli/agent@4.0.0 want: ^7.0.0
710 silly placeDep ROOT https-proxy-agent@7.0.6 OK for: @npmcli/agent@4.0.0 want: ^7.0.1
711 silly placeDep ROOT lru-cache@11.2.7 OK for: @npmcli/agent@4.0.0 want: ^11.2.1
712 silly placeDep ROOT socks-proxy-agent@8.0.5 OK for: @npmcli/agent@4.0.0 want: ^8.0.3
713 silly fetch manifest socks@^2.8.3
714 silly packumentCache full:https://registry.npmjs.org/socks cache-miss
715 http fetch GET 200 https://registry.npmjs.org/socks 121ms (cache miss)
716 silly packumentCache full:https://registry.npmjs.org/socks set size:undefined disposed:false
717 silly placeDep ROOT @npmcli/fs@5.0.0 OK for: cacache@20.0.4 want: ^5.0.0
718 silly placeDep ROOT fs-minipass@3.0.3 OK for: cacache@20.0.4 want: ^3.0.0
719 silly placeDep ROOT glob@13.0.6 OK for: cacache@20.0.4 want: ^13.0.0
720 silly placeDep ROOT minipass-collect@2.0.1 OK for: cacache@20.0.4 want: ^2.0.1
721 silly placeDep ROOT p-map@7.0.4 OK for: cacache@20.0.4 want: ^7.0.2
722 silly fetch manifest minimatch@^10.2.2
723 silly packumentCache full:https://registry.npmjs.org/minimatch cache-miss
724 silly fetch manifest path-scurry@^2.0.2
725 silly packumentCache full:https://registry.npmjs.org/path-scurry cache-miss
726 http fetch GET 200 https://registry.npmjs.org/path-scurry 155ms (cache miss)
727 silly packumentCache full:https://registry.npmjs.org/path-scurry set size:undefined disposed:false
728 http fetch GET 200 https://registry.npmjs.org/minimatch 164ms (cache miss)
729 silly packumentCache full:https://registry.npmjs.org/minimatch set size:undefined disposed:false
730 silly placeDep ROOT minimatch@10.2.4 OK for: glob@13.0.6 want: ^10.2.2
731 silly placeDep ROOT path-scurry@2.0.2 OK for: glob@13.0.6 want: ^2.0.2
732 silly fetch manifest brace-expansion@^5.0.2
733 silly packumentCache full:https://registry.npmjs.org/brace-expansion cache-miss
734 http fetch GET 200 https://registry.npmjs.org/brace-expansion 127ms (cache miss)
735 silly packumentCache full:https://registry.npmjs.org/brace-expansion set size:undefined disposed:false
736 silly placeDep ROOT brace-expansion@5.0.4 OK for: minimatch@10.2.4 want: ^5.0.2
737 silly fetch manifest balanced-match@^4.0.2
738 silly packumentCache full:https://registry.npmjs.org/balanced-match cache-miss
739 http fetch GET 200 https://registry.npmjs.org/balanced-match 121ms (cache miss)
740 silly packumentCache full:https://registry.npmjs.org/balanced-match set size:undefined disposed:false
741 silly placeDep ROOT balanced-match@4.0.4 OK for: brace-expansion@5.0.4 want: ^4.0.2
742 silly placeDep ROOT minipass-sized@2.0.0 OK for: minipass-fetch@5.0.2 want: ^2.0.0
743 silly placeDep ROOT minizlib@3.1.0 OK for: minipass-fetch@5.0.2 want: ^3.0.1
744 silly placeDep node_modules/minipass-flush minipass@3.3.6 OK for: minipass-flush@1.0.5 want: ^3.0.0
745 silly fetch manifest yallist@^4.0.0
746 silly packumentCache full:https://registry.npmjs.org/yallist cache-miss
747 http cache https://registry.npmjs.org/yallist 6ms (cache hit)
748 silly packumentCache full:https://registry.npmjs.org/yallist set size:34610 disposed:false
749 silly placeDep node_modules/minipass-pipeline minipass@3.3.6 OK for: minipass-pipeline@1.2.4 want: ^3.0.0
750 silly placeDep ROOT abbrev@4.0.0 OK for: nopt@9.0.0 want: ^4.0.0
751 silly placeDep ROOT detect-libc@2.1.2 OK for: prebuild-install@7.1.3 want: ^2.0.0
752 silly placeDep ROOT expand-template@2.0.3 OK for: prebuild-install@7.1.3 want: ^2.0.3
753 silly placeDep ROOT github-from-package@0.0.0 OK for: prebuild-install@7.1.3 want: 0.0.0
754 silly placeDep ROOT minimist@1.2.8 OK for: prebuild-install@7.1.3 want: ^1.2.3
755 silly placeDep ROOT mkdirp-classic@0.5.3 OK for: prebuild-install@7.1.3 want: ^0.5.3
756 silly placeDep ROOT napi-build-utils@2.0.0 OK for: prebuild-install@7.1.3 want: ^2.0.0
757 silly placeDep ROOT node-abi@3.89.0 OK for: prebuild-install@7.1.3 want: ^3.3.0
758 silly placeDep ROOT pump@3.0.4 OK for: prebuild-install@7.1.3 want: ^3.0.0
759 silly placeDep ROOT rc@1.2.8 OK for: prebuild-install@7.1.3 want: ^1.2.7
760 silly placeDep ROOT simple-get@4.0.1 OK for: prebuild-install@7.1.3 want: ^4.0.0
761 silly placeDep ROOT tar-fs@2.1.4 OK for: prebuild-install@7.1.3 want: ^2.0.0
762 silly placeDep ROOT tunnel-agent@0.6.0 OK for: prebuild-install@7.1.3 want: ^0.6.0
763 silly fetch manifest end-of-stream@^1.1.0
764 silly packumentCache full:https://registry.npmjs.org/end-of-stream cache-miss
765 silly fetch manifest ini@~1.3.0
766 silly packumentCache full:https://registry.npmjs.org/ini cache-miss
767 silly fetch manifest deep-extend@^0.6.0
768 silly packumentCache full:https://registry.npmjs.org/deep-extend cache-miss
769 silly fetch manifest strip-json-comments@~2.0.1
770 silly packumentCache full:https://registry.npmjs.org/strip-json-comments cache-miss
771 silly fetch manifest decompress-response@^6.0.0
772 silly packumentCache full:https://registry.npmjs.org/decompress-response cache-miss
773 silly fetch manifest simple-concat@^1.0.0
774 silly packumentCache full:https://registry.npmjs.org/simple-concat cache-miss
775 http fetch GET 200 https://registry.npmjs.org/strip-json-comments 156ms (cache miss)
776 silly packumentCache full:https://registry.npmjs.org/strip-json-comments set size:undefined disposed:false
777 silly fetch manifest chownr@^1.1.1
778 silly packumentCache full:https://registry.npmjs.org/chownr cache-miss
779 http fetch GET 200 https://registry.npmjs.org/end-of-stream 164ms (cache miss)
780 silly packumentCache full:https://registry.npmjs.org/end-of-stream set size:undefined disposed:false
781 silly fetch manifest tar-stream@^2.1.4
782 silly packumentCache full:https://registry.npmjs.org/tar-stream cache-miss
783 http fetch GET 200 https://registry.npmjs.org/simple-concat 168ms (cache miss)
784 silly packumentCache full:https://registry.npmjs.org/simple-concat set size:undefined disposed:false
785 silly fetch manifest safe-buffer@^5.0.1
786 silly packumentCache full:https://registry.npmjs.org/safe-buffer cache-miss
787 http fetch GET 200 https://registry.npmjs.org/ini 174ms (cache miss)
788 silly packumentCache full:https://registry.npmjs.org/ini set size:undefined disposed:false
789 http fetch GET 200 https://registry.npmjs.org/deep-extend 180ms (cache miss)
790 silly packumentCache full:https://registry.npmjs.org/deep-extend set size:undefined disposed:false
791 http cache https://registry.npmjs.org/chownr 24ms (cache hit)
792 silly packumentCache full:https://registry.npmjs.org/chownr set size:22157 disposed:false
793 http fetch GET 200 https://registry.npmjs.org/safe-buffer 130ms (cache miss)
794 silly packumentCache full:https://registry.npmjs.org/safe-buffer set size:undefined disposed:false
795 http fetch GET 200 https://registry.npmjs.org/tar-stream 144ms (cache miss)
796 silly packumentCache full:https://registry.npmjs.org/tar-stream set size:undefined disposed:false
797 http fetch GET 200 https://registry.npmjs.org/decompress-response 940ms (cache miss)
798 silly packumentCache full:https://registry.npmjs.org/decompress-response set size:undefined disposed:false
799 silly placeDep ROOT end-of-stream@1.4.5 OK for: pump@3.0.4 want: ^1.1.0
800 silly placeDep ROOT deep-extend@0.6.0 OK for: rc@1.2.8 want: ^0.6.0
801 silly placeDep ROOT ini@1.3.8 OK for: rc@1.2.8 want: ~1.3.0
802 silly placeDep ROOT strip-json-comments@2.0.1 OK for: rc@1.2.8 want: ~2.0.1
803 silly placeDep ROOT decompress-response@6.0.0 OK for: simple-get@4.0.1 want: ^6.0.0
804 silly placeDep ROOT simple-concat@1.0.1 OK for: simple-get@4.0.1 want: ^1.0.0
805 silly fetch manifest mimic-response@^3.1.0
806 silly packumentCache full:https://registry.npmjs.org/mimic-response cache-miss
807 http fetch GET 200 https://registry.npmjs.org/mimic-response 125ms (cache miss)
808 silly packumentCache full:https://registry.npmjs.org/mimic-response set size:undefined disposed:false
809 silly placeDep ROOT mimic-response@3.1.0 OK for: decompress-response@6.0.0 want: ^3.1.0
810 silly placeDep ROOT socks@2.8.7 OK for: socks-proxy-agent@8.0.5 want: ^2.8.3
811 silly fetch manifest ip-address@^10.0.1
812 silly packumentCache full:https://registry.npmjs.org/ip-address cache-miss
813 silly fetch manifest smart-buffer@^4.2.0
814 silly packumentCache full:https://registry.npmjs.org/smart-buffer cache-miss
815 http fetch GET 200 https://registry.npmjs.org/smart-buffer 130ms (cache miss)
816 silly packumentCache full:https://registry.npmjs.org/smart-buffer set size:undefined disposed:false
817 http fetch GET 200 https://registry.npmjs.org/ip-address 140ms (cache miss)
818 silly packumentCache full:https://registry.npmjs.org/ip-address set size:undefined disposed:false
819 silly placeDep ROOT ip-address@10.1.0 OK for: socks@2.8.7 want: ^10.0.1
820 silly placeDep ROOT smart-buffer@4.2.0 OK for: socks@2.8.7 want: ^4.2.0
821 silly placeDep ROOT @isaacs/fs-minipass@4.0.1 OK for: tar@7.5.13 want: ^4.0.0
822 silly placeDep ROOT chownr@3.0.0 OK for: tar@7.5.13 want: ^3.0.0
823 silly placeDep ROOT yallist@5.0.0 OK for: tar@7.5.13 want: ^5.0.0
824 silly placeDep node_modules/tar-fs chownr@1.1.4 OK for: tar-fs@2.1.4 want: ^1.1.1
825 silly placeDep ROOT tar-stream@2.2.0 OK for: tar-fs@2.1.4 want: ^2.1.4
826 silly fetch manifest bl@^4.0.3
827 silly packumentCache full:https://registry.npmjs.org/bl cache-miss
828 silly fetch manifest fs-constants@^1.0.0
829 silly packumentCache full:https://registry.npmjs.org/fs-constants cache-miss
830 silly fetch manifest readable-stream@^3.1.1
831 silly packumentCache full:https://registry.npmjs.org/readable-stream cache-miss
832 http fetch GET 200 https://registry.npmjs.org/fs-constants 109ms (cache miss)
833 silly packumentCache full:https://registry.npmjs.org/fs-constants set size:undefined disposed:false
834 http fetch GET 200 https://registry.npmjs.org/readable-stream 122ms (cache miss)
835 silly packumentCache full:https://registry.npmjs.org/readable-stream set size:undefined disposed:false
836 http fetch GET 200 https://registry.npmjs.org/bl 136ms (cache miss)
837 silly packumentCache full:https://registry.npmjs.org/bl set size:undefined disposed:false
838 silly placeDep ROOT bl@4.1.0 OK for: tar-stream@2.2.0 want: ^4.0.3
839 silly placeDep ROOT fs-constants@1.0.0 OK for: tar-stream@2.2.0 want: ^1.0.0
840 silly placeDep ROOT readable-stream@3.6.2 OK for: tar-stream@2.2.0 want: ^3.1.1
841 silly fetch manifest buffer@^5.5.0
842 silly packumentCache full:https://registry.npmjs.org/buffer cache-miss
843 silly fetch manifest readable-stream@^3.4.0
844 silly packumentCache full:https://registry.npmjs.org/readable-stream cache-miss
845 silly fetch manifest string_decoder@^1.1.1
846 silly packumentCache full:https://registry.npmjs.org/string_decoder cache-miss
847 silly fetch manifest util-deprecate@^1.0.1
848 silly packumentCache full:https://registry.npmjs.org/util-deprecate cache-miss
849 http cache https://registry.npmjs.org/readable-stream 10ms (cache hit)
850 silly packumentCache full:https://registry.npmjs.org/readable-stream set size:261096 disposed:false
851 http fetch GET 200 https://registry.npmjs.org/util-deprecate 146ms (cache miss)
852 silly packumentCache full:https://registry.npmjs.org/util-deprecate set size:undefined disposed:false
853 http fetch GET 200 https://registry.npmjs.org/string_decoder 152ms (cache miss)
854 silly packumentCache full:https://registry.npmjs.org/string_decoder set size:undefined disposed:false
855 http fetch GET 200 https://registry.npmjs.org/buffer 159ms (cache miss)
856 silly packumentCache full:https://registry.npmjs.org/buffer set size:undefined disposed:false
857 silly placeDep ROOT buffer@5.7.1 OK for: bl@4.1.0 want: ^5.5.0
858 silly fetch manifest base64-js@^1.3.1
859 silly packumentCache full:https://registry.npmjs.org/base64-js cache-miss
860 silly fetch manifest ieee754@^1.1.13
861 silly packumentCache full:https://registry.npmjs.org/ieee754 cache-miss
862 http fetch GET 200 https://registry.npmjs.org/ieee754 117ms (cache miss)
863 silly packumentCache full:https://registry.npmjs.org/ieee754 set size:undefined disposed:false
864 http fetch GET 200 https://registry.npmjs.org/base64-js 123ms (cache miss)
865 silly packumentCache full:https://registry.npmjs.org/base64-js set size:undefined disposed:false
866 silly placeDep ROOT base64-js@1.5.1 OK for: buffer@5.7.1 want: ^1.3.1
867 silly placeDep ROOT ieee754@1.2.1 OK for: buffer@5.7.1 want: ^1.1.13
868 silly placeDep ROOT string_decoder@1.3.0 OK for: readable-stream@3.6.2 want: ^1.1.1
869 silly placeDep ROOT util-deprecate@1.0.2 OK for: readable-stream@3.6.2 want: ^1.0.1
870 silly fetch manifest safe-buffer@~5.2.0
871 silly packumentCache full:https://registry.npmjs.org/safe-buffer cache-miss
872 http cache https://registry.npmjs.org/safe-buffer 6ms (cache hit)
873 silly packumentCache full:https://registry.npmjs.org/safe-buffer set size:41183 disposed:false
874 silly placeDep ROOT safe-buffer@5.2.1 OK for: string_decoder@1.3.0 want: ~5.2.0
875 silly placeDep ROOT fdir@6.5.0 OK for: tinyglobby@0.2.15 want: ^6.5.0
876 silly placeDep ROOT picomatch@4.0.3 OK for: tinyglobby@0.2.15 want: ^4.0.3
877 silly placeDep ROOT media-typer@1.1.0 OK for: type-is@2.0.1 want: ^1.1.0
878 silly placeDep ROOT isexe@4.0.0 OK for: which@6.0.1 want: ^4.0.0
879 silly placeDep node_modules/form-data mime-db@1.52.0 OK for: mime-types@2.1.35 want: 1.52.0
880 silly placeDep node_modules/minipass-flush yallist@4.0.0 OK for: minipass@3.3.6 want: ^4.0.0
881 silly placeDep node_modules/minipass-pipeline yallist@4.0.0 OK for: minipass@3.3.6 want: ^4.0.0
882 silly reify moves {}
883 http cache isexe@https://registry.npmjs.org/isexe/-/isexe-4.0.0.tgz 0ms (cache hit)
884 http cache media-typer@https://registry.npmjs.org/media-typer/-/media-typer-1.1.0.tgz 0ms (cache hit)
885 http cache picomatch@https://registry.npmjs.org/picomatch/-/picomatch-4.0.3.tgz 0ms (cache hit)
886 http cache safe-buffer@https://registry.npmjs.org/safe-buffer/-/safe-buffer-5.2.1.tgz 0ms (cache hit)
887 http cache fdir@https://registry.npmjs.org/fdir/-/fdir-6.5.0.tgz 0ms (cache hit)
888 http cache string_decoder@https://registry.npmjs.org/string_decoder/-/string_decoder-1.3.0.tgz 0ms (cache hit)
889 http cache util-deprecate@https://registry.npmjs.org/util-deprecate/-/util-deprecate-1.0.2.tgz 0ms (cache hit)
890 http cache base64-js@https://registry.npmjs.org/base64-js/-/base64-js-1.5.1.tgz 0ms (cache hit)
891 http cache ieee754@https://registry.npmjs.org/ieee754/-/ieee754-1.2.1.tgz 0ms (cache hit)
892 http cache readable-stream@https://registry.npmjs.org/readable-stream/-/readable-stream-3.6.2.tgz 0ms (cache hit)
893 http cache buffer@https://registry.npmjs.org/buffer/-/buffer-5.7.1.tgz 0ms (cache hit)
894 http cache fs-constants@https://registry.npmjs.org/fs-constants/-/fs-constants-1.0.0.tgz 0ms (cache hit)
895 http cache tar-stream@https://registry.npmjs.org/tar-stream/-/tar-stream-2.2.0.tgz 0ms (cache hit)
896 http cache bl@https://registry.npmjs.org/bl/-/bl-4.1.0.tgz 0ms (cache hit)
897 http cache yallist@https://registry.npmjs.org/yallist/-/yallist-5.0.0.tgz 0ms (cache hit)
898 http cache chownr@https://registry.npmjs.org/chownr/-/chownr-3.0.0.tgz 0ms (cache hit)
899 http cache @isaacs/fs-minipass@https://registry.npmjs.org/@isaacs/fs-minipass/-/fs-minipass-4.0.1.tgz 0ms (cache hit)
900 http cache ip-address@https://registry.npmjs.org/ip-address/-/ip-address-10.1.0.tgz 0ms (cache hit)
901 http cache socks@https://registry.npmjs.org/socks/-/socks-2.8.7.tgz 0ms (cache hit)
902 http cache smart-buffer@https://registry.npmjs.org/smart-buffer/-/smart-buffer-4.2.0.tgz 0ms (cache hit)
903 http cache mimic-response@https://registry.npmjs.org/mimic-response/-/mimic-response-3.1.0.tgz 0ms (cache hit)
904 http cache simple-concat@https://registry.npmjs.org/simple-concat/-/simple-concat-1.0.1.tgz 0ms (cache hit)
905 http cache ini@https://registry.npmjs.org/ini/-/ini-1.3.8.tgz 0ms (cache hit)
906 http cache decompress-response@https://registry.npmjs.org/decompress-response/-/decompress-response-6.0.0.tgz 0ms (cache hit)
907 http cache strip-json-comments@https://registry.npmjs.org/strip-json-comments/-/strip-json-comments-2.0.1.tgz 0ms (cache hit)
908 http cache deep-extend@https://registry.npmjs.org/deep-extend/-/deep-extend-0.6.0.tgz 0ms (cache hit)
909 http cache end-of-stream@https://registry.npmjs.org/end-of-stream/-/end-of-stream-1.4.5.tgz 0ms (cache hit)
910 http cache tunnel-agent@https://registry.npmjs.org/tunnel-agent/-/tunnel-agent-0.6.0.tgz 0ms (cache hit)
911 http cache simple-get@https://registry.npmjs.org/simple-get/-/simple-get-4.0.1.tgz 0ms (cache hit)
912 http cache tar-fs@https://registry.npmjs.org/tar-fs/-/tar-fs-2.1.4.tgz 0ms (cache hit)
913 http cache rc@https://registry.npmjs.org/rc/-/rc-1.2.8.tgz 0ms (cache hit)
914 http cache pump@https://registry.npmjs.org/pump/-/pump-3.0.4.tgz 0ms (cache hit)
915 http cache node-abi@https://registry.npmjs.org/node-abi/-/node-abi-3.89.0.tgz 0ms (cache hit)
916 http cache mkdirp-classic@https://registry.npmjs.org/mkdirp-classic/-/mkdirp-classic-0.5.3.tgz 0ms (cache hit)
917 http cache napi-build-utils@https://registry.npmjs.org/napi-build-utils/-/napi-build-utils-2.0.0.tgz 0ms (cache hit)
918 http cache minimist@https://registry.npmjs.org/minimist/-/minimist-1.2.8.tgz 0ms (cache hit)
919 http cache github-from-package@https://registry.npmjs.org/github-from-package/-/github-from-package-0.0.0.tgz 0ms (cache hit)
920 http cache expand-template@https://registry.npmjs.org/expand-template/-/expand-template-2.0.3.tgz 0ms (cache hit)
921 http cache abbrev@https://registry.npmjs.org/abbrev/-/abbrev-4.0.0.tgz 0ms (cache hit)
922 http cache detect-libc@https://registry.npmjs.org/detect-libc/-/detect-libc-2.1.2.tgz 0ms (cache hit)
923 http cache minipass-sized@https://registry.npmjs.org/minipass-sized/-/minipass-sized-2.0.0.tgz 0ms (cache hit)
924 http cache minizlib@https://registry.npmjs.org/minizlib/-/minizlib-3.1.0.tgz 0ms (cache hit)
925 http cache balanced-match@https://registry.npmjs.org/balanced-match/-/balanced-match-4.0.4.tgz 0ms (cache hit)
926 http cache minimatch@https://registry.npmjs.org/minimatch/-/minimatch-10.2.4.tgz 0ms (cache hit)
927 http cache p-map@https://registry.npmjs.org/p-map/-/p-map-7.0.4.tgz 0ms (cache hit)
928 http cache glob@https://registry.npmjs.org/glob/-/glob-13.0.6.tgz 0ms (cache hit)
929 http cache minipass-collect@https://registry.npmjs.org/minipass-collect/-/minipass-collect-2.0.1.tgz 0ms (cache hit)
930 http cache fs-minipass@https://registry.npmjs.org/fs-minipass/-/fs-minipass-3.0.3.tgz 0ms (cache hit)
931 http cache @npmcli/fs@https://registry.npmjs.org/@npmcli/fs/-/fs-5.0.0.tgz 0ms (cache hit)
932 http cache socks-proxy-agent@https://registry.npmjs.org/socks-proxy-agent/-/socks-proxy-agent-8.0.5.tgz 0ms (cache hit)
933 http cache lru-cache@https://registry.npmjs.org/lru-cache/-/lru-cache-11.2.7.tgz 0ms (cache hit)
934 http cache path-scurry@https://registry.npmjs.org/path-scurry/-/path-scurry-2.0.2.tgz 0ms (cache hit)
935 http cache https-proxy-agent@https://registry.npmjs.org/https-proxy-agent/-/https-proxy-agent-7.0.6.tgz 0ms (cache hit)
936 http cache http-proxy-agent@https://registry.npmjs.org/http-proxy-agent/-/http-proxy-agent-7.0.2.tgz 0ms (cache hit)
937 http cache agent-base@https://registry.npmjs.org/agent-base/-/agent-base-7.1.4.tgz 0ms (cache hit)
938 http cache ssri@https://registry.npmjs.org/ssri/-/ssri-13.0.1.tgz 0ms (cache hit)
939 http cache minipass-pipeline@https://registry.npmjs.org/minipass-pipeline/-/minipass-pipeline-1.2.4.tgz 0ms (cache hit)
940 http cache minipass-flush@https://registry.npmjs.org/minipass-flush/-/minipass-flush-1.0.5.tgz 0ms (cache hit)
941 http cache minipass-fetch@https://registry.npmjs.org/minipass-fetch/-/minipass-fetch-5.0.2.tgz 0ms (cache hit)
942 http cache minipass@https://registry.npmjs.org/minipass/-/minipass-7.1.3.tgz 0ms (cache hit)
943 http cache http-cache-semantics@https://registry.npmjs.org/http-cache-semantics/-/http-cache-semantics-4.2.0.tgz 0ms (cache hit)
944 http cache brace-expansion@https://registry.npmjs.org/brace-expansion/-/brace-expansion-5.0.4.tgz 0ms (cache hit)
945 http cache cacache@https://registry.npmjs.org/cacache/-/cacache-20.0.4.tgz 0ms (cache hit)
946 http cache @npmcli/redact@https://registry.npmjs.org/@npmcli/redact/-/redact-4.0.0.tgz 1ms (cache hit)
947 http cache @npmcli/agent@https://registry.npmjs.org/@npmcli/agent/-/agent-4.0.0.tgz 0ms (cache hit)
948 http cache which@https://registry.npmjs.org/which/-/which-6.0.1.tgz 0ms (cache hit)
949 http cache @gar/promise-retry@https://registry.npmjs.org/@gar/promise-retry/-/promise-retry-1.0.3.tgz 1ms (cache hit)
950 http cache semver@https://registry.npmjs.org/semver/-/semver-7.7.4.tgz 0ms (cache hit)
951 http cache tinyglobby@https://registry.npmjs.org/tinyglobby/-/tinyglobby-0.2.15.tgz 0ms (cache hit)
952 http cache proc-log@https://registry.npmjs.org/proc-log/-/proc-log-6.1.0.tgz 0ms (cache hit)
953 http cache nopt@https://registry.npmjs.org/nopt/-/nopt-9.0.0.tgz 0ms (cache hit)
954 http cache make-fetch-happen@https://registry.npmjs.org/make-fetch-happen/-/make-fetch-happen-15.0.5.tgz 0ms (cache hit)
955 http cache exponential-backoff@https://registry.npmjs.org/exponential-backoff/-/exponential-backoff-3.1.3.tgz 0ms (cache hit)
956 http cache graceful-fs@https://registry.npmjs.org/graceful-fs/-/graceful-fs-4.2.11.tgz 0ms (cache hit)
957 http cache env-paths@https://registry.npmjs.org/env-paths/-/env-paths-2.2.1.tgz 0ms (cache hit)
958 http cache file-uri-to-path@https://registry.npmjs.org/file-uri-to-path/-/file-uri-to-path-1.0.0.tgz 0ms (cache hit)
959 http cache tar@https://registry.npmjs.org/tar/-/tar-7.5.13.tgz 0ms (cache hit)
960 http cache node-gyp@https://registry.npmjs.org/node-gyp/-/node-gyp-12.2.0.tgz 0ms (cache hit)
961 http cache node-addon-api@https://registry.npmjs.org/node-addon-api/-/node-addon-api-8.6.0.tgz 0ms (cache hit)
962 http cache prebuild-install@https://registry.npmjs.org/prebuild-install/-/prebuild-install-7.1.3.tgz 0ms (cache hit)
963 http cache bindings@https://registry.npmjs.org/bindings/-/bindings-1.5.0.tgz 0ms (cache hit)
964 http cache call-bound@https://registry.npmjs.org/call-bound/-/call-bound-1.0.4.tgz 0ms (cache hit)
965 http cache side-channel-weakmap@https://registry.npmjs.org/side-channel-weakmap/-/side-channel-weakmap-1.0.2.tgz 0ms (cache hit)
966 http cache side-channel-list@https://registry.npmjs.org/side-channel-list/-/side-channel-list-1.0.0.tgz 0ms (cache hit)
967 http cache side-channel-map@https://registry.npmjs.org/side-channel-map/-/side-channel-map-1.0.1.tgz 0ms (cache hit)
968 http cache object-inspect@https://registry.npmjs.org/object-inspect/-/object-inspect-1.13.4.tgz 0ms (cache hit)
969 http cache path-to-regexp@https://registry.npmjs.org/path-to-regexp/-/path-to-regexp-8.3.0.tgz 0ms (cache hit)
970 http cache is-promise@https://registry.npmjs.org/is-promise/-/is-promise-4.0.0.tgz 0ms (cache hit)
971 http cache dunder-proto@https://registry.npmjs.org/dunder-proto/-/dunder-proto-1.0.1.tgz 0ms (cache hit)
972 http cache math-intrinsics@https://registry.npmjs.org/math-intrinsics/-/math-intrinsics-1.1.0.tgz 0ms (cache hit)
973 http cache has-symbols@https://registry.npmjs.org/has-symbols/-/has-symbols-1.1.0.tgz 0ms (cache hit)
974 http cache gopd@https://registry.npmjs.org/gopd/-/gopd-1.2.0.tgz 0ms (cache hit)
975 http cache function-bind@https://registry.npmjs.org/function-bind/-/function-bind-1.1.2.tgz 0ms (cache hit)
976 http cache es-object-atoms@https://registry.npmjs.org/es-object-atoms/-/es-object-atoms-1.1.1.tgz 0ms (cache hit)
977 http cache get-proto@https://registry.npmjs.org/get-proto/-/get-proto-1.0.1.tgz 0ms (cache hit)
978 http cache es-define-property@https://registry.npmjs.org/es-define-property/-/es-define-property-1.0.1.tgz 0ms (cache hit)
979 http cache call-bind-apply-helpers@https://registry.npmjs.org/call-bind-apply-helpers/-/call-bind-apply-helpers-1.0.2.tgz 0ms (cache hit)
980 http cache has-tostringtag@https://registry.npmjs.org/has-tostringtag/-/has-tostringtag-1.0.2.tgz 0ms (cache hit)
981 http cache es-errors@https://registry.npmjs.org/es-errors/-/es-errors-1.3.0.tgz 0ms (cache hit)
982 http cache get-intrinsic@https://registry.npmjs.org/get-intrinsic/-/get-intrinsic-1.3.0.tgz 0ms (cache hit)
983 http cache delayed-stream@https://registry.npmjs.org/delayed-stream/-/delayed-stream-1.0.0.tgz 0ms (cache hit)
984 http cache es-set-tostringtag@https://registry.npmjs.org/es-set-tostringtag/-/es-set-tostringtag-2.1.0.tgz 0ms (cache hit)
985 http cache combined-stream@https://registry.npmjs.org/combined-stream/-/combined-stream-1.0.8.tgz 0ms (cache hit)
986 http cache asynckit@https://registry.npmjs.org/asynckit/-/asynckit-0.4.0.tgz 0ms (cache hit)
987 http cache proxy-from-env@https://registry.npmjs.org/proxy-from-env/-/proxy-from-env-1.1.0.tgz 0ms (cache hit)
988 http cache form-data@https://registry.npmjs.org/form-data/-/form-data-4.0.5.tgz 0ms (cache hit)
989 http cache hasown@https://registry.npmjs.org/hasown/-/hasown-2.0.2.tgz 0ms (cache hit)
990 http cache axios@https://registry.npmjs.org/axios/-/axios-1.13.6.tgz 0ms (cache hit)
991 http cache follow-redirects@https://registry.npmjs.org/follow-redirects/-/follow-redirects-1.15.11.tgz 0ms (cache hit)
992 http cache unpipe@https://registry.npmjs.org/unpipe/-/unpipe-1.0.0.tgz 0ms (cache hit)
993 http cache side-channel@https://registry.npmjs.org/side-channel/-/side-channel-1.1.0.tgz 0ms (cache hit)
994 http cache ipaddr.js@https://registry.npmjs.org/ipaddr.js/-/ipaddr.js-1.9.1.tgz 0ms (cache hit)
995 http cache forwarded@https://registry.npmjs.org/forwarded/-/forwarded-0.2.0.tgz 0ms (cache hit)
996 http cache wrappy@https://registry.npmjs.org/wrappy/-/wrappy-1.0.2.tgz 0ms (cache hit)
997 http cache ee-first@https://registry.npmjs.org/ee-first/-/ee-first-1.1.1.tgz 0ms (cache hit)
998 http cache mime-db@https://registry.npmjs.org/mime-db/-/mime-db-1.54.0.tgz 0ms (cache hit)
999 http cache safer-buffer@https://registry.npmjs.org/safer-buffer/-/safer-buffer-2.1.2.tgz 0ms (cache hit)
1000 http cache toidentifier@https://registry.npmjs.org/toidentifier/-/toidentifier-1.0.1.tgz 0ms (cache hit)
1001 http cache setprototypeof@https://registry.npmjs.org/setprototypeof/-/setprototypeof-1.2.0.tgz 0ms (cache hit)
1002 http cache inherits@https://registry.npmjs.org/inherits/-/inherits-2.0.4.tgz 0ms (cache hit)
1003 http cache ms@https://registry.npmjs.org/ms/-/ms-2.1.3.tgz 0ms (cache hit)
1004 http cache raw-body@https://registry.npmjs.org/raw-body/-/raw-body-3.0.2.tgz 0ms (cache hit)
1005 http cache iconv-lite@https://registry.npmjs.org/iconv-lite/-/iconv-lite-0.7.2.tgz 0ms (cache hit)
1006 http cache bytes@https://registry.npmjs.org/bytes/-/bytes-3.1.2.tgz 0ms (cache hit)
1007 http cache negotiator@https://registry.npmjs.org/negotiator/-/negotiator-1.0.0.tgz 0ms (cache hit)
1008 http cache type-is@https://registry.npmjs.org/type-is/-/type-is-2.0.1.tgz 1ms (cache hit)
1009 http cache serve-static@https://registry.npmjs.org/serve-static/-/serve-static-2.2.1.tgz 0ms (cache hit)
1010 http cache statuses@https://registry.npmjs.org/statuses/-/statuses-2.0.2.tgz 0ms (cache hit)
1011 http cache send@https://registry.npmjs.org/send/-/send-1.2.1.tgz 0ms (cache hit)
1012 http cache router@https://registry.npmjs.org/router/-/router-2.2.0.tgz 0ms (cache hit)
1013 http cache range-parser@https://registry.npmjs.org/range-parser/-/range-parser-1.2.1.tgz 0ms (cache hit)
1014 http cache qs@https://registry.npmjs.org/qs/-/qs-6.15.0.tgz 0ms (cache hit)
1015 http cache proxy-addr@https://registry.npmjs.org/proxy-addr/-/proxy-addr-2.0.7.tgz 0ms (cache hit)
1016 http cache parseurl@https://registry.npmjs.org/parseurl/-/parseurl-1.3.3.tgz 0ms (cache hit)
1017 http cache once@https://registry.npmjs.org/once/-/once-1.4.0.tgz 0ms (cache hit)
1018 http cache on-finished@https://registry.npmjs.org/on-finished/-/on-finished-2.4.1.tgz 0ms (cache hit)
1019 http cache mime-types@https://registry.npmjs.org/mime-types/-/mime-types-3.0.2.tgz 0ms (cache hit)
1020 http cache merge-descriptors@https://registry.npmjs.org/merge-descriptors/-/merge-descriptors-2.0.0.tgz 0ms (cache hit)
1021 http cache http-errors@https://registry.npmjs.org/http-errors/-/http-errors-2.0.1.tgz 0ms (cache hit)
1022 http cache fresh@https://registry.npmjs.org/fresh/-/fresh-2.0.0.tgz 0ms (cache hit)
1023 http cache finalhandler@https://registry.npmjs.org/finalhandler/-/finalhandler-2.1.1.tgz 0ms (cache hit)
1024 http cache etag@https://registry.npmjs.org/etag/-/etag-1.8.1.tgz 1ms (cache hit)
1025 http cache escape-html@https://registry.npmjs.org/escape-html/-/escape-html-1.0.3.tgz 0ms (cache hit)
1026 http cache encodeurl@https://registry.npmjs.org/encodeurl/-/encodeurl-2.0.0.tgz 0ms (cache hit)
1027 http cache depd@https://registry.npmjs.org/depd/-/depd-2.0.0.tgz 0ms (cache hit)
1028 http cache cookie-signature@https://registry.npmjs.org/cookie-signature/-/cookie-signature-1.2.2.tgz 0ms (cache hit)
1029 http cache debug@https://registry.npmjs.org/debug/-/debug-4.4.3.tgz 0ms (cache hit)
1030 http cache cookie@https://registry.npmjs.org/cookie/-/cookie-0.7.2.tgz 0ms (cache hit)
1031 http cache content-type@https://registry.npmjs.org/content-type/-/content-type-1.0.5.tgz 0ms (cache hit)
1032 http cache content-disposition@https://registry.npmjs.org/content-disposition/-/content-disposition-1.0.1.tgz 0ms (cache hit)
1033 http cache body-parser@https://registry.npmjs.org/body-parser/-/body-parser-2.2.2.tgz 0ms (cache hit)
1034 http cache accepts@https://registry.npmjs.org/accepts/-/accepts-2.0.0.tgz 0ms (cache hit)
1035 http cache vary@https://registry.npmjs.org/vary/-/vary-1.1.2.tgz 0ms (cache hit)
1036 http cache object-assign@https://registry.npmjs.org/object-assign/-/object-assign-4.1.1.tgz 0ms (cache hit)
1037 http cache sqlite3@https://registry.npmjs.org/sqlite3/-/sqlite3-6.0.1.tgz 0ms (cache hit)
1038 http cache razorpay@https://registry.npmjs.org/razorpay/-/razorpay-2.9.6.tgz 0ms (cache hit)
1039 http cache express@https://registry.npmjs.org/express/-/express-5.2.1.tgz 0ms (cache hit)
1040 http cache cors@https://registry.npmjs.org/cors/-/cors-2.8.6.tgz 0ms (cache hit)
1041 http cache yallist@https://registry.npmjs.org/yallist/-/yallist-4.0.0.tgz 0ms (cache hit)
1042 http cache chownr@https://registry.npmjs.org/chownr/-/chownr-1.1.4.tgz 0ms (cache hit)
1043 http cache minipass@https://registry.npmjs.org/minipass/-/minipass-3.3.6.tgz 0ms (cache hit)
1044 http cache yallist@https://registry.npmjs.org/yallist/-/yallist-4.0.0.tgz 0ms (cache hit)
1045 http cache minipass@https://registry.npmjs.org/minipass/-/minipass-3.3.6.tgz 0ms (cache hit)
1046 http cache mime-db@https://registry.npmjs.org/mime-db/-/mime-db-1.52.0.tgz 0ms (cache hit)
1047 http cache mime-types@https://registry.npmjs.org/mime-types/-/mime-types-2.1.35.tgz 0ms (cache hit)
1048 silly tarball no local data for isexe@https://registry.npmjs.org/isexe/-/isexe-4.0.0.tgz. Extracting by manifest.
1049 silly tarball no local data for media-typer@https://registry.npmjs.org/media-typer/-/media-typer-1.1.0.tgz. Extracting by manifest.
1050 silly tarball no local data for picomatch@https://registry.npmjs.org/picomatch/-/picomatch-4.0.3.tgz. Extracting by manifest.
1051 silly tarball no local data for safe-buffer@https://registry.npmjs.org/safe-buffer/-/safe-buffer-5.2.1.tgz. Extracting by manifest.
1052 silly tarball no local data for fdir@https://registry.npmjs.org/fdir/-/fdir-6.5.0.tgz. Extracting by manifest.
1053 silly tarball no local data for string_decoder@https://registry.npmjs.org/string_decoder/-/string_decoder-1.3.0.tgz. Extracting by manifest.
1054 silly tarball no local data for util-deprecate@https://registry.npmjs.org/util-deprecate/-/util-deprecate-1.0.2.tgz. Extracting by manifest.
1055 silly tarball no local data for base64-js@https://registry.npmjs.org/base64-js/-/base64-js-1.5.1.tgz. Extracting by manifest.
1056 silly tarball no local data for ieee754@https://registry.npmjs.org/ieee754/-/ieee754-1.2.1.tgz. Extracting by manifest.
1057 silly tarball no local data for readable-stream@https://registry.npmjs.org/readable-stream/-/readable-stream-3.6.2.tgz. Extracting by manifest.
1058 silly tarball no local data for buffer@https://registry.npmjs.org/buffer/-/buffer-5.7.1.tgz. Extracting by manifest.
1059 silly tarball no local data for fs-constants@https://registry.npmjs.org/fs-constants/-/fs-constants-1.0.0.tgz. Extracting by manifest.
1060 silly tarball no local data for tar-stream@https://registry.npmjs.org/tar-stream/-/tar-stream-2.2.0.tgz. Extracting by manifest.
1061 silly tarball no local data for bl@https://registry.npmjs.org/bl/-/bl-4.1.0.tgz. Extracting by manifest.
1062 silly tarball no local data for yallist@https://registry.npmjs.org/yallist/-/yallist-5.0.0.tgz. Extracting by manifest.
1063 silly tarball no local data for chownr@https://registry.npmjs.org/chownr/-/chownr-3.0.0.tgz. Extracting by manifest.
1064 silly tarball no local data for @isaacs/fs-minipass@https://registry.npmjs.org/@isaacs/fs-minipass/-/fs-minipass-4.0.1.tgz. Extracting by manifest.
1065 silly tarball no local data for ip-address@https://registry.npmjs.org/ip-address/-/ip-address-10.1.0.tgz. Extracting by manifest.
1066 silly tarball no local data for socks@https://registry.npmjs.org/socks/-/socks-2.8.7.tgz. Extracting by manifest.
1067 silly tarball no local data for smart-buffer@https://registry.npmjs.org/smart-buffer/-/smart-buffer-4.2.0.tgz. Extracting by manifest.
1068 silly tarball no local data for mimic-response@https://registry.npmjs.org/mimic-response/-/mimic-response-3.1.0.tgz. Extracting by manifest.
1069 silly tarball no local data for simple-concat@https://registry.npmjs.org/simple-concat/-/simple-concat-1.0.1.tgz. Extracting by manifest.
1070 silly tarball no local data for ini@https://registry.npmjs.org/ini/-/ini-1.3.8.tgz. Extracting by manifest.
1071 silly tarball no local data for decompress-response@https://registry.npmjs.org/decompress-response/-/decompress-response-6.0.0.tgz. Extracting by manifest.
1072 silly tarball no local data for strip-json-comments@https://registry.npmjs.org/strip-json-comments/-/strip-json-comments-2.0.1.tgz. Extracting by manifest.
1073 silly tarball no local data for deep-extend@https://registry.npmjs.org/deep-extend/-/deep-extend-0.6.0.tgz. Extracting by manifest.
1074 silly tarball no local data for end-of-stream@https://registry.npmjs.org/end-of-stream/-/end-of-stream-1.4.5.tgz. Extracting by manifest.
1075 silly tarball no local data for tunnel-agent@https://registry.npmjs.org/tunnel-agent/-/tunnel-agent-0.6.0.tgz. Extracting by manifest.
1076 silly tarball no local data for simple-get@https://registry.npmjs.org/simple-get/-/simple-get-4.0.1.tgz. Extracting by manifest.
1077 silly tarball no local data for tar-fs@https://registry.npmjs.org/tar-fs/-/tar-fs-2.1.4.tgz. Extracting by manifest.
1078 silly tarball no local data for rc@https://registry.npmjs.org/rc/-/rc-1.2.8.tgz. Extracting by manifest.
1079 silly tarball no local data for pump@https://registry.npmjs.org/pump/-/pump-3.0.4.tgz. Extracting by manifest.
1080 silly tarball no local data for node-abi@https://registry.npmjs.org/node-abi/-/node-abi-3.89.0.tgz. Extracting by manifest.
1081 silly tarball no local data for mkdirp-classic@https://registry.npmjs.org/mkdirp-classic/-/mkdirp-classic-0.5.3.tgz. Extracting by manifest.
1082 silly tarball no local data for napi-build-utils@https://registry.npmjs.org/napi-build-utils/-/napi-build-utils-2.0.0.tgz. Extracting by manifest.
1083 silly tarball no local data for minimist@https://registry.npmjs.org/minimist/-/minimist-1.2.8.tgz. Extracting by manifest.
1084 silly tarball no local data for github-from-package@https://registry.npmjs.org/github-from-package/-/github-from-package-0.0.0.tgz. Extracting by manifest.
1085 silly tarball no local data for expand-template@https://registry.npmjs.org/expand-template/-/expand-template-2.0.3.tgz. Extracting by manifest.
1086 silly tarball no local data for abbrev@https://registry.npmjs.org/abbrev/-/abbrev-4.0.0.tgz. Extracting by manifest.
1087 silly tarball no local data for detect-libc@https://registry.npmjs.org/detect-libc/-/detect-libc-2.1.2.tgz. Extracting by manifest.
1088 silly tarball no local data for minipass-sized@https://registry.npmjs.org/minipass-sized/-/minipass-sized-2.0.0.tgz. Extracting by manifest.
1089 silly tarball no local data for minizlib@https://registry.npmjs.org/minizlib/-/minizlib-3.1.0.tgz. Extracting by manifest.
1090 silly tarball no local data for balanced-match@https://registry.npmjs.org/balanced-match/-/balanced-match-4.0.4.tgz. Extracting by manifest.
1091 silly tarball no local data for minimatch@https://registry.npmjs.org/minimatch/-/minimatch-10.2.4.tgz. Extracting by manifest.
1092 silly tarball no local data for p-map@https://registry.npmjs.org/p-map/-/p-map-7.0.4.tgz. Extracting by manifest.
1093 silly tarball no local data for glob@https://registry.npmjs.org/glob/-/glob-13.0.6.tgz. Extracting by manifest.
1094 silly tarball no local data for minipass-collect@https://registry.npmjs.org/minipass-collect/-/minipass-collect-2.0.1.tgz. Extracting by manifest.
1095 silly tarball no local data for fs-minipass@https://registry.npmjs.org/fs-minipass/-/fs-minipass-3.0.3.tgz. Extracting by manifest.
1096 silly tarball no local data for @npmcli/fs@https://registry.npmjs.org/@npmcli/fs/-/fs-5.0.0.tgz. Extracting by manifest.
1097 silly tarball no local data for socks-proxy-agent@https://registry.npmjs.org/socks-proxy-agent/-/socks-proxy-agent-8.0.5.tgz. Extracting by manifest.
1098 silly tarball no local data for lru-cache@https://registry.npmjs.org/lru-cache/-/lru-cache-11.2.7.tgz. Extracting by manifest.
1099 silly tarball no local data for path-scurry@https://registry.npmjs.org/path-scurry/-/path-scurry-2.0.2.tgz. Extracting by manifest.
1100 silly tarball no local data for https-proxy-agent@https://registry.npmjs.org/https-proxy-agent/-/https-proxy-agent-7.0.6.tgz. Extracting by manifest.
1101 silly tarball no local data for http-proxy-agent@https://registry.npmjs.org/http-proxy-agent/-/http-proxy-agent-7.0.2.tgz. Extracting by manifest.
1102 silly tarball no local data for agent-base@https://registry.npmjs.org/agent-base/-/agent-base-7.1.4.tgz. Extracting by manifest.
1103 silly tarball no local data for ssri@https://registry.npmjs.org/ssri/-/ssri-13.0.1.tgz. Extracting by manifest.
1104 silly tarball no local data for minipass-pipeline@https://registry.npmjs.org/minipass-pipeline/-/minipass-pipeline-1.2.4.tgz. Extracting by manifest.
1105 silly tarball no local data for minipass-flush@https://registry.npmjs.org/minipass-flush/-/minipass-flush-1.0.5.tgz. Extracting by manifest.
1106 silly tarball no local data for minipass-fetch@https://registry.npmjs.org/minipass-fetch/-/minipass-fetch-5.0.2.tgz. Extracting by manifest.
1107 silly tarball no local data for minipass@https://registry.npmjs.org/minipass/-/minipass-7.1.3.tgz. Extracting by manifest.
1108 silly tarball no local data for http-cache-semantics@https://registry.npmjs.org/http-cache-semantics/-/http-cache-semantics-4.2.0.tgz. Extracting by manifest.
1109 silly tarball no local data for brace-expansion@https://registry.npmjs.org/brace-expansion/-/brace-expansion-5.0.4.tgz. Extracting by manifest.
1110 silly tarball no local data for cacache@https://registry.npmjs.org/cacache/-/cacache-20.0.4.tgz. Extracting by manifest.
1111 silly tarball no local data for @npmcli/redact@https://registry.npmjs.org/@npmcli/redact/-/redact-4.0.0.tgz. Extracting by manifest.
1112 silly tarball no local data for @npmcli/agent@https://registry.npmjs.org/@npmcli/agent/-/agent-4.0.0.tgz. Extracting by manifest.
1113 silly tarball no local data for which@https://registry.npmjs.org/which/-/which-6.0.1.tgz. Extracting by manifest.
1114 silly tarball no local data for @gar/promise-retry@https://registry.npmjs.org/@gar/promise-retry/-/promise-retry-1.0.3.tgz. Extracting by manifest.
1115 silly tarball no local data for semver@https://registry.npmjs.org/semver/-/semver-7.7.4.tgz. Extracting by manifest.
1116 silly tarball no local data for tinyglobby@https://registry.npmjs.org/tinyglobby/-/tinyglobby-0.2.15.tgz. Extracting by manifest.
1117 silly tarball no local data for proc-log@https://registry.npmjs.org/proc-log/-/proc-log-6.1.0.tgz. Extracting by manifest.
1118 silly tarball no local data for nopt@https://registry.npmjs.org/nopt/-/nopt-9.0.0.tgz. Extracting by manifest.
1119 silly tarball no local data for make-fetch-happen@https://registry.npmjs.org/make-fetch-happen/-/make-fetch-happen-15.0.5.tgz. Extracting by manifest.
1120 silly tarball no local data for exponential-backoff@https://registry.npmjs.org/exponential-backoff/-/exponential-backoff-3.1.3.tgz. Extracting by manifest.
1121 silly tarball no local data for graceful-fs@https://registry.npmjs.org/graceful-fs/-/graceful-fs-4.2.11.tgz. Extracting by manifest.
1122 silly tarball no local data for env-paths@https://registry.npmjs.org/env-paths/-/env-paths-2.2.1.tgz. Extracting by manifest.
1123 silly tarball no local data for file-uri-to-path@https://registry.npmjs.org/file-uri-to-path/-/file-uri-to-path-1.0.0.tgz. Extracting by manifest.
1124 silly tarball no local data for tar@https://registry.npmjs.org/tar/-/tar-7.5.13.tgz. Extracting by manifest.
1125 silly tarball no local data for node-gyp@https://registry.npmjs.org/node-gyp/-/node-gyp-12.2.0.tgz. Extracting by manifest.
1126 silly tarball no local data for node-addon-api@https://registry.npmjs.org/node-addon-api/-/node-addon-api-8.6.0.tgz. Extracting by manifest.
1127 silly tarball no local data for prebuild-install@https://registry.npmjs.org/prebuild-install/-/prebuild-install-7.1.3.tgz. Extracting by manifest.
1128 silly tarball no local data for bindings@https://registry.npmjs.org/bindings/-/bindings-1.5.0.tgz. Extracting by manifest.
1129 silly tarball no local data for call-bound@https://registry.npmjs.org/call-bound/-/call-bound-1.0.4.tgz. Extracting by manifest.
1130 silly tarball no local data for side-channel-weakmap@https://registry.npmjs.org/side-channel-weakmap/-/side-channel-weakmap-1.0.2.tgz. Extracting by manifest.
1131 silly tarball no local data for side-channel-list@https://registry.npmjs.org/side-channel-list/-/side-channel-list-1.0.0.tgz. Extracting by manifest.
1132 silly tarball no local data for side-channel-map@https://registry.npmjs.org/side-channel-map/-/side-channel-map-1.0.1.tgz. Extracting by manifest.
1133 silly tarball no local data for object-inspect@https://registry.npmjs.org/object-inspect/-/object-inspect-1.13.4.tgz. Extracting by manifest.
1134 silly tarball no local data for path-to-regexp@https://registry.npmjs.org/path-to-regexp/-/path-to-regexp-8.3.0.tgz. Extracting by manifest.
1135 silly tarball no local data for is-promise@https://registry.npmjs.org/is-promise/-/is-promise-4.0.0.tgz. Extracting by manifest.
1136 silly tarball no local data for dunder-proto@https://registry.npmjs.org/dunder-proto/-/dunder-proto-1.0.1.tgz. Extracting by manifest.
1137 silly tarball no local data for math-intrinsics@https://registry.npmjs.org/math-intrinsics/-/math-intrinsics-1.1.0.tgz. Extracting by manifest.
1138 silly tarball no local data for has-symbols@https://registry.npmjs.org/has-symbols/-/has-symbols-1.1.0.tgz. Extracting by manifest.
1139 silly tarball no local data for gopd@https://registry.npmjs.org/gopd/-/gopd-1.2.0.tgz. Extracting by manifest.
1140 silly tarball no local data for function-bind@https://registry.npmjs.org/function-bind/-/function-bind-1.1.2.tgz. Extracting by manifest.
1141 silly tarball no local data for es-object-atoms@https://registry.npmjs.org/es-object-atoms/-/es-object-atoms-1.1.1.tgz. Extracting by manifest.
1142 silly tarball no local data for get-proto@https://registry.npmjs.org/get-proto/-/get-proto-1.0.1.tgz. Extracting by manifest.
1143 silly tarball no local data for es-define-property@https://registry.npmjs.org/es-define-property/-/es-define-property-1.0.1.tgz. Extracting by manifest.
1144 silly tarball no local data for call-bind-apply-helpers@https://registry.npmjs.org/call-bind-apply-helpers/-/call-bind-apply-helpers-1.0.2.tgz. Extracting by manifest.
1145 silly tarball no local data for has-tostringtag@https://registry.npmjs.org/has-tostringtag/-/has-tostringtag-1.0.2.tgz. Extracting by manifest.
1146 silly tarball no local data for es-errors@https://registry.npmjs.org/es-errors/-/es-errors-1.3.0.tgz. Extracting by manifest.
1147 silly tarball no local data for get-intrinsic@https://registry.npmjs.org/get-intrinsic/-/get-intrinsic-1.3.0.tgz. Extracting by manifest.
1148 silly tarball no local data for delayed-stream@https://registry.npmjs.org/delayed-stream/-/delayed-stream-1.0.0.tgz. Extracting by manifest.
1149 silly tarball no local data for es-set-tostringtag@https://registry.npmjs.org/es-set-tostringtag/-/es-set-tostringtag-2.1.0.tgz. Extracting by manifest.
1150 silly tarball no local data for combined-stream@https://registry.npmjs.org/combined-stream/-/combined-stream-1.0.8.tgz. Extracting by manifest.
1151 silly tarball no local data for asynckit@https://registry.npmjs.org/asynckit/-/asynckit-0.4.0.tgz. Extracting by manifest.
1152 silly tarball no local data for proxy-from-env@https://registry.npmjs.org/proxy-from-env/-/proxy-from-env-1.1.0.tgz. Extracting by manifest.
1153 silly tarball no local data for form-data@https://registry.npmjs.org/form-data/-/form-data-4.0.5.tgz. Extracting by manifest.
1154 silly tarball no local data for hasown@https://registry.npmjs.org/hasown/-/hasown-2.0.2.tgz. Extracting by manifest.
1155 silly tarball no local data for axios@https://registry.npmjs.org/axios/-/axios-1.13.6.tgz. Extracting by manifest.
1156 silly tarball no local data for follow-redirects@https://registry.npmjs.org/follow-redirects/-/follow-redirects-1.15.11.tgz. Extracting by manifest.
1157 silly tarball no local data for unpipe@https://registry.npmjs.org/unpipe/-/unpipe-1.0.0.tgz. Extracting by manifest.
1158 silly tarball no local data for side-channel@https://registry.npmjs.org/side-channel/-/side-channel-1.1.0.tgz. Extracting by manifest.
1159 silly tarball no local data for ipaddr.js@https://registry.npmjs.org/ipaddr.js/-/ipaddr.js-1.9.1.tgz. Extracting by manifest.
1160 silly tarball no local data for forwarded@https://registry.npmjs.org/forwarded/-/forwarded-0.2.0.tgz. Extracting by manifest.
1161 silly tarball no local data for wrappy@https://registry.npmjs.org/wrappy/-/wrappy-1.0.2.tgz. Extracting by manifest.
1162 silly tarball no local data for ee-first@https://registry.npmjs.org/ee-first/-/ee-first-1.1.1.tgz. Extracting by manifest.
1163 silly tarball no local data for mime-db@https://registry.npmjs.org/mime-db/-/mime-db-1.54.0.tgz. Extracting by manifest.
1164 silly tarball no local data for safer-buffer@https://registry.npmjs.org/safer-buffer/-/safer-buffer-2.1.2.tgz. Extracting by manifest.
1165 silly tarball no local data for toidentifier@https://registry.npmjs.org/toidentifier/-/toidentifier-1.0.1.tgz. Extracting by manifest.
1166 silly tarball no local data for setprototypeof@https://registry.npmjs.org/setprototypeof/-/setprototypeof-1.2.0.tgz. Extracting by manifest.
1167 silly tarball no local data for inherits@https://registry.npmjs.org/inherits/-/inherits-2.0.4.tgz. Extracting by manifest.
1168 silly tarball no local data for ms@https://registry.npmjs.org/ms/-/ms-2.1.3.tgz. Extracting by manifest.
1169 silly tarball no local data for raw-body@https://registry.npmjs.org/raw-body/-/raw-body-3.0.2.tgz. Extracting by manifest.
1170 silly tarball no local data for iconv-lite@https://registry.npmjs.org/iconv-lite/-/iconv-lite-0.7.2.tgz. Extracting by manifest.
1171 silly tarball no local data for bytes@https://registry.npmjs.org/bytes/-/bytes-3.1.2.tgz. Extracting by manifest.
1172 silly tarball no local data for negotiator@https://registry.npmjs.org/negotiator/-/negotiator-1.0.0.tgz. Extracting by manifest.
1173 silly tarball no local data for type-is@https://registry.npmjs.org/type-is/-/type-is-2.0.1.tgz. Extracting by manifest.
1174 silly tarball no local data for serve-static@https://registry.npmjs.org/serve-static/-/serve-static-2.2.1.tgz. Extracting by manifest.
1175 silly tarball no local data for statuses@https://registry.npmjs.org/statuses/-/statuses-2.0.2.tgz. Extracting by manifest.
1176 silly tarball no local data for send@https://registry.npmjs.org/send/-/send-1.2.1.tgz. Extracting by manifest.
1177 silly tarball no local data for router@https://registry.npmjs.org/router/-/router-2.2.0.tgz. Extracting by manifest.
1178 silly tarball no local data for range-parser@https://registry.npmjs.org/range-parser/-/range-parser-1.2.1.tgz. Extracting by manifest.
1179 silly tarball no local data for qs@https://registry.npmjs.org/qs/-/qs-6.15.0.tgz. Extracting by manifest.
1180 silly tarball no local data for proxy-addr@https://registry.npmjs.org/proxy-addr/-/proxy-addr-2.0.7.tgz. Extracting by manifest.
1181 silly tarball no local data for parseurl@https://registry.npmjs.org/parseurl/-/parseurl-1.3.3.tgz. Extracting by manifest.
1182 silly tarball no local data for once@https://registry.npmjs.org/once/-/once-1.4.0.tgz. Extracting by manifest.
1183 silly tarball no local data for on-finished@https://registry.npmjs.org/on-finished/-/on-finished-2.4.1.tgz. Extracting by manifest.
1184 silly tarball no local data for mime-types@https://registry.npmjs.org/mime-types/-/mime-types-3.0.2.tgz. Extracting by manifest.
1185 silly tarball no local data for merge-descriptors@https://registry.npmjs.org/merge-descriptors/-/merge-descriptors-2.0.0.tgz. Extracting by manifest.
1186 silly tarball no local data for http-errors@https://registry.npmjs.org/http-errors/-/http-errors-2.0.1.tgz. Extracting by manifest.
1187 silly tarball no local data for fresh@https://registry.npmjs.org/fresh/-/fresh-2.0.0.tgz. Extracting by manifest.
1188 silly tarball no local data for finalhandler@https://registry.npmjs.org/finalhandler/-/finalhandler-2.1.1.tgz. Extracting by manifest.
1189 silly tarball no local data for etag@https://registry.npmjs.org/etag/-/etag-1.8.1.tgz. Extracting by manifest.
1190 silly tarball no local data for escape-html@https://registry.npmjs.org/escape-html/-/escape-html-1.0.3.tgz. Extracting by manifest.
1191 silly tarball no local data for encodeurl@https://registry.npmjs.org/encodeurl/-/encodeurl-2.0.0.tgz. Extracting by manifest.
1192 silly tarball no local data for depd@https://registry.npmjs.org/depd/-/depd-2.0.0.tgz. Extracting by manifest.
1193 silly tarball no local data for cookie-signature@https://registry.npmjs.org/cookie-signature/-/cookie-signature-1.2.2.tgz. Extracting by manifest.
1194 silly tarball no local data for debug@https://registry.npmjs.org/debug/-/debug-4.4.3.tgz. Extracting by manifest.
1195 silly tarball no local data for cookie@https://registry.npmjs.org/cookie/-/cookie-0.7.2.tgz. Extracting by manifest.
1196 silly tarball no local data for content-type@https://registry.npmjs.org/content-type/-/content-type-1.0.5.tgz. Extracting by manifest.
1197 silly tarball no local data for content-disposition@https://registry.npmjs.org/content-disposition/-/content-disposition-1.0.1.tgz. Extracting by manifest.
1198 silly tarball no local data for body-parser@https://registry.npmjs.org/body-parser/-/body-parser-2.2.2.tgz. Extracting by manifest.
1199 silly tarball no local data for accepts@https://registry.npmjs.org/accepts/-/accepts-2.0.0.tgz. Extracting by manifest.
1200 silly tarball no local data for vary@https://registry.npmjs.org/vary/-/vary-1.1.2.tgz. Extracting by manifest.
1201 silly tarball no local data for object-assign@https://registry.npmjs.org/object-assign/-/object-assign-4.1.1.tgz. Extracting by manifest.
1202 silly tarball no local data for sqlite3@https://registry.npmjs.org/sqlite3/-/sqlite3-6.0.1.tgz. Extracting by manifest.
1203 silly tarball no local data for razorpay@https://registry.npmjs.org/razorpay/-/razorpay-2.9.6.tgz. Extracting by manifest.
1204 silly tarball no local data for express@https://registry.npmjs.org/express/-/express-5.2.1.tgz. Extracting by manifest.
1205 silly tarball no local data for cors@https://registry.npmjs.org/cors/-/cors-2.8.6.tgz. Extracting by manifest.
1206 silly tarball no local data for yallist@https://registry.npmjs.org/yallist/-/yallist-4.0.0.tgz. Extracting by manifest.
1207 silly tarball no local data for chownr@https://registry.npmjs.org/chownr/-/chownr-1.1.4.tgz. Extracting by manifest.
1208 silly tarball no local data for minipass@https://registry.npmjs.org/minipass/-/minipass-3.3.6.tgz. Extracting by manifest.
1209 silly tarball no local data for yallist@https://registry.npmjs.org/yallist/-/yallist-4.0.0.tgz. Extracting by manifest.
1210 silly tarball no local data for minipass@https://registry.npmjs.org/minipass/-/minipass-3.3.6.tgz. Extracting by manifest.
1211 silly tarball no local data for mime-db@https://registry.npmjs.org/mime-db/-/mime-db-1.52.0.tgz. Extracting by manifest.
1212 silly tarball no local data for mime-types@https://registry.npmjs.org/mime-types/-/mime-types-2.1.35.tgz. Extracting by manifest.
1213 http fetch GET 200 https://registry.npmjs.org/media-typer/-/media-typer-1.1.0.tgz 319ms (cache miss)
1214 http fetch GET 200 https://registry.npmjs.org/safe-buffer/-/safe-buffer-5.2.1.tgz 318ms (cache miss)
1215 http fetch GET 200 https://registry.npmjs.org/string_decoder/-/string_decoder-1.3.0.tgz 319ms (cache miss)
1216 http fetch GET 200 https://registry.npmjs.org/fdir/-/fdir-6.5.0.tgz 321ms (cache miss)
1217 http fetch GET 200 https://registry.npmjs.org/picomatch/-/picomatch-4.0.3.tgz 325ms (cache miss)
1218 http fetch GET 200 https://registry.npmjs.org/isexe/-/isexe-4.0.0.tgz 375ms (cache miss)
1219 http fetch GET 200 https://registry.npmjs.org/mimic-response/-/mimic-response-3.1.0.tgz 401ms (cache miss)
1220 http fetch GET 200 https://registry.npmjs.org/chownr/-/chownr-3.0.0.tgz 407ms (cache miss)
1221 http fetch GET 200 https://registry.npmjs.org/smart-buffer/-/smart-buffer-4.2.0.tgz 456ms (cache miss)
1222 http fetch GET 200 https://registry.npmjs.org/@isaacs/fs-minipass/-/fs-minipass-4.0.1.tgz 462ms (cache miss)
1223 http fetch GET 200 https://registry.npmjs.org/socks/-/socks-2.8.7.tgz 470ms (cache miss)
1224 http fetch GET 200 https://registry.npmjs.org/ip-address/-/ip-address-10.1.0.tgz 481ms (cache miss)
1225 http fetch GET 200 https://registry.npmjs.org/simple-concat/-/simple-concat-1.0.1.tgz 499ms (cache miss)
1226 http fetch GET 200 https://registry.npmjs.org/ini/-/ini-1.3.8.tgz 502ms (cache miss)
1227 http fetch GET 200 https://registry.npmjs.org/decompress-response/-/decompress-response-6.0.0.tgz 502ms (cache miss)
1228 http fetch GET 200 https://registry.npmjs.org/fs-constants/-/fs-constants-1.0.0.tgz 530ms (cache miss)
1229 http fetch GET 200 https://registry.npmjs.org/strip-json-comments/-/strip-json-comments-2.0.1.tgz 573ms (cache miss)
1230 http fetch GET 200 https://registry.npmjs.org/util-deprecate/-/util-deprecate-1.0.2.tgz 589ms (cache miss)
1231 http fetch GET 200 https://registry.npmjs.org/deep-extend/-/deep-extend-0.6.0.tgz 576ms (cache miss)
1232 http fetch GET 200 https://registry.npmjs.org/end-of-stream/-/end-of-stream-1.4.5.tgz 576ms (cache miss)
1233 http fetch GET 200 https://registry.npmjs.org/base64-js/-/base64-js-1.5.1.tgz 590ms (cache miss)
1234 http fetch GET 200 https://registry.npmjs.org/ieee754/-/ieee754-1.2.1.tgz 591ms (cache miss)
1235 http fetch GET 200 https://registry.npmjs.org/tar-stream/-/tar-stream-2.2.0.tgz 598ms (cache miss)
1236 http fetch GET 200 https://registry.npmjs.org/tar-fs/-/tar-fs-2.1.4.tgz 594ms (cache miss)
1237 http fetch GET 200 https://registry.npmjs.org/tunnel-agent/-/tunnel-agent-0.6.0.tgz 595ms (cache miss)
1238 http fetch GET 200 https://registry.npmjs.org/bl/-/bl-4.1.0.tgz 609ms (cache miss)
1239 http fetch GET 200 https://registry.npmjs.org/buffer/-/buffer-5.7.1.tgz 613ms (cache miss)
1240 http fetch GET 200 https://registry.npmjs.org/simple-get/-/simple-get-4.0.1.tgz 605ms (cache miss)
1241 http fetch GET 200 https://registry.npmjs.org/yallist/-/yallist-5.0.0.tgz 619ms (cache miss)
1242 http fetch GET 200 https://registry.npmjs.org/readable-stream/-/readable-stream-3.6.2.tgz 635ms (cache miss)
1243 http fetch GET 200 https://registry.npmjs.org/mkdirp-classic/-/mkdirp-classic-0.5.3.tgz 737ms (cache miss)
1244 http fetch GET 200 https://registry.npmjs.org/expand-template/-/expand-template-2.0.3.tgz 740ms (cache miss)
1245 http fetch GET 200 https://registry.npmjs.org/abbrev/-/abbrev-4.0.0.tgz 740ms (cache miss)
1246 http fetch GET 200 https://registry.npmjs.org/pump/-/pump-3.0.4.tgz 748ms (cache miss)
1247 http fetch GET 200 https://registry.npmjs.org/napi-build-utils/-/napi-build-utils-2.0.0.tgz 747ms (cache miss)
1248 http fetch GET 200 https://registry.npmjs.org/detect-libc/-/detect-libc-2.1.2.tgz 746ms (cache miss)
1249 http fetch GET 200 https://registry.npmjs.org/balanced-match/-/balanced-match-4.0.4.tgz 743ms (cache miss)
1250 http fetch GET 200 https://registry.npmjs.org/node-abi/-/node-abi-3.89.0.tgz 752ms (cache miss)
1251 http fetch GET 200 https://registry.npmjs.org/p-map/-/p-map-7.0.4.tgz 747ms (cache miss)
1252 http fetch GET 200 https://registry.npmjs.org/rc/-/rc-1.2.8.tgz 759ms (cache miss)
1253 http fetch GET 200 https://registry.npmjs.org/github-from-package/-/github-from-package-0.0.0.tgz 761ms (cache miss)
1254 http fetch GET 200 https://registry.npmjs.org/ssri/-/ssri-13.0.1.tgz 808ms (cache miss)
1255 http fetch GET 200 https://registry.npmjs.org/minipass-collect/-/minipass-collect-2.0.1.tgz 815ms (cache miss)
1256 http fetch GET 200 https://registry.npmjs.org/minipass-pipeline/-/minipass-pipeline-1.2.4.tgz 811ms (cache miss)
1257 http fetch GET 200 https://registry.npmjs.org/socks-proxy-agent/-/socks-proxy-agent-8.0.5.tgz 818ms (cache miss)
1258 http fetch GET 200 https://registry.npmjs.org/fs-minipass/-/fs-minipass-3.0.3.tgz 821ms (cache miss)
1259 http fetch GET 200 https://registry.npmjs.org/http-proxy-agent/-/http-proxy-agent-7.0.2.tgz 819ms (cache miss)
1260 http fetch GET 200 https://registry.npmjs.org/minipass-flush/-/minipass-flush-1.0.5.tgz 823ms (cache miss)
1261 http fetch GET 200 https://registry.npmjs.org/minipass-sized/-/minipass-sized-2.0.0.tgz 843ms (cache miss)
1262 http fetch GET 200 https://registry.npmjs.org/minipass-fetch/-/minipass-fetch-5.0.2.tgz 848ms (cache miss)
1263 http fetch GET 200 https://registry.npmjs.org/agent-base/-/agent-base-7.1.4.tgz 854ms (cache miss)
1264 http fetch GET 200 https://registry.npmjs.org/minimist/-/minimist-1.2.8.tgz 869ms (cache miss)
1265 http fetch GET 200 https://registry.npmjs.org/https-proxy-agent/-/https-proxy-agent-7.0.6.tgz 868ms (cache miss)
1266 http fetch GET 200 https://registry.npmjs.org/@npmcli/fs/-/fs-5.0.0.tgz 873ms (cache miss)
1267 http fetch GET 200 https://registry.npmjs.org/http-cache-semantics/-/http-cache-semantics-4.2.0.tgz 914ms (cache miss)
1268 http fetch GET 200 https://registry.npmjs.org/proc-log/-/proc-log-6.1.0.tgz 914ms (cache miss)
1269 http fetch GET 200 https://registry.npmjs.org/tinyglobby/-/tinyglobby-0.2.15.tgz 918ms (cache miss)
1270 http fetch GET 200 https://registry.npmjs.org/which/-/which-6.0.1.tgz 921ms (cache miss)
1271 http fetch GET 200 https://registry.npmjs.org/minizlib/-/minizlib-3.1.0.tgz 939ms (cache miss)
1272 http fetch GET 200 https://registry.npmjs.org/@npmcli/agent/-/agent-4.0.0.tgz 936ms (cache miss)
1273 http fetch GET 200 https://registry.npmjs.org/@npmcli/redact/-/redact-4.0.0.tgz 948ms (cache miss)
1274 http fetch GET 200 https://registry.npmjs.org/minipass/-/minipass-7.1.3.tgz 960ms (cache miss)
1275 http fetch GET 200 https://registry.npmjs.org/nopt/-/nopt-9.0.0.tgz 959ms (cache miss)
1276 http fetch GET 200 https://registry.npmjs.org/path-scurry/-/path-scurry-2.0.2.tgz 972ms (cache miss)
1277 http fetch GET 200 https://registry.npmjs.org/brace-expansion/-/brace-expansion-5.0.4.tgz 968ms (cache miss)
1278 http fetch GET 200 https://registry.npmjs.org/env-paths/-/env-paths-2.2.1.tgz 972ms (cache miss)
1279 http fetch GET 200 https://registry.npmjs.org/cacache/-/cacache-20.0.4.tgz 1022ms (cache miss)
1280 http fetch GET 200 https://registry.npmjs.org/file-uri-to-path/-/file-uri-to-path-1.0.0.tgz 1042ms (cache miss)
1281 http fetch GET 200 https://registry.npmjs.org/graceful-fs/-/graceful-fs-4.2.11.tgz 1043ms (cache miss)
1282 http fetch GET 200 https://registry.npmjs.org/side-channel-weakmap/-/side-channel-weakmap-1.0.2.tgz 1045ms (cache miss)
1283 http fetch GET 200 https://registry.npmjs.org/bindings/-/bindings-1.5.0.tgz 1049ms (cache miss)
1284 http fetch GET 200 https://registry.npmjs.org/call-bound/-/call-bound-1.0.4.tgz 1063ms (cache miss)
1285 http fetch GET 200 https://registry.npmjs.org/side-channel-list/-/side-channel-list-1.0.0.tgz 1068ms (cache miss)
1286 http fetch GET 200 https://registry.npmjs.org/prebuild-install/-/prebuild-install-7.1.3.tgz 1075ms (cache miss)
1287 warn deprecated prebuild-install@7.1.3: No longer maintained. Please contact the author of the relevant native addon; alternatives are available.
1288 http fetch GET 200 https://registry.npmjs.org/lru-cache/-/lru-cache-11.2.7.tgz 1100ms (cache miss)
1289 http fetch GET 200 https://registry.npmjs.org/make-fetch-happen/-/make-fetch-happen-15.0.5.tgz 1091ms (cache miss)
1290 http fetch GET 200 https://registry.npmjs.org/side-channel-map/-/side-channel-map-1.0.1.tgz 1087ms (cache miss)
1291 http fetch GET 200 https://registry.npmjs.org/node-addon-api/-/node-addon-api-8.6.0.tgz 1121ms (cache miss)
1292 http fetch GET 200 https://registry.npmjs.org/is-promise/-/is-promise-4.0.0.tgz 1133ms (cache miss)
1293 http fetch GET 200 https://registry.npmjs.org/dunder-proto/-/dunder-proto-1.0.1.tgz 1139ms (cache miss)
1294 http fetch GET 200 https://registry.npmjs.org/has-symbols/-/has-symbols-1.1.0.tgz 1138ms (cache miss)
1295 http fetch GET 200 https://registry.npmjs.org/gopd/-/gopd-1.2.0.tgz 1151ms (cache miss)
1296 http fetch GET 200 https://registry.npmjs.org/es-object-atoms/-/es-object-atoms-1.1.1.tgz 1153ms (cache miss)
1297 http fetch GET 200 https://registry.npmjs.org/get-proto/-/get-proto-1.0.1.tgz 1153ms (cache miss)
1298 http fetch GET 200 https://registry.npmjs.org/path-to-regexp/-/path-to-regexp-8.3.0.tgz 1160ms (cache miss)
1299 http fetch GET 200 https://registry.npmjs.org/semver/-/semver-7.7.4.tgz 1175ms (cache miss)
1300 http fetch GET 200 https://registry.npmjs.org/function-bind/-/function-bind-1.1.2.tgz 1159ms (cache miss)
1301 http fetch GET 200 https://registry.npmjs.org/es-define-property/-/es-define-property-1.0.1.tgz 1171ms (cache miss)
1302 http fetch GET 200 https://registry.npmjs.org/call-bind-apply-helpers/-/call-bind-apply-helpers-1.0.2.tgz 1171ms (cache miss)
1303 http fetch GET 200 https://registry.npmjs.org/math-intrinsics/-/math-intrinsics-1.1.0.tgz 1192ms (cache miss)
1304 http fetch GET 200 https://registry.npmjs.org/minimatch/-/minimatch-10.2.4.tgz 1285ms (cache miss)
1305 http fetch GET 200 https://registry.npmjs.org/es-errors/-/es-errors-1.3.0.tgz 1248ms (cache miss)
1306 http fetch GET 200 https://registry.npmjs.org/delayed-stream/-/delayed-stream-1.0.0.tgz 1250ms (cache miss)
1307 http fetch GET 200 https://registry.npmjs.org/get-intrinsic/-/get-intrinsic-1.3.0.tgz 1255ms (cache miss)
1308 http fetch GET 200 https://registry.npmjs.org/hasown/-/hasown-2.0.2.tgz 1254ms (cache miss)
1309 http fetch GET 200 https://registry.npmjs.org/combined-stream/-/combined-stream-1.0.8.tgz 1257ms (cache miss)
1310 http fetch GET 200 https://registry.npmjs.org/asynckit/-/asynckit-0.4.0.tgz 1258ms (cache miss)
1311 http fetch GET 200 https://registry.npmjs.org/es-set-tostringtag/-/es-set-tostringtag-2.1.0.tgz 1261ms (cache miss)
1312 http fetch GET 200 https://registry.npmjs.org/follow-redirects/-/follow-redirects-1.15.11.tgz 1259ms (cache miss)
1313 http fetch GET 200 https://registry.npmjs.org/proxy-from-env/-/proxy-from-env-1.1.0.tgz 1265ms (cache miss)
1314 http fetch GET 200 https://registry.npmjs.org/form-data/-/form-data-4.0.5.tgz 1275ms (cache miss)
1315 http fetch GET 200 https://registry.npmjs.org/has-tostringtag/-/has-tostringtag-1.0.2.tgz 1281ms (cache miss)
1316 http fetch GET 200 https://registry.npmjs.org/object-inspect/-/object-inspect-1.13.4.tgz 1292ms (cache miss)
1317 http fetch GET 200 https://registry.npmjs.org/unpipe/-/unpipe-1.0.0.tgz 1297ms (cache miss)
1318 http fetch GET 200 https://registry.npmjs.org/toidentifier/-/toidentifier-1.0.1.tgz 1293ms (cache miss)
1319 http fetch GET 200 https://registry.npmjs.org/ipaddr.js/-/ipaddr.js-1.9.1.tgz 1350ms (cache miss)
1320 http fetch GET 200 https://registry.npmjs.org/side-channel/-/side-channel-1.1.0.tgz 1355ms (cache miss)
1321 http fetch GET 200 https://registry.npmjs.org/forwarded/-/forwarded-0.2.0.tgz 1353ms (cache miss)
1322 http fetch GET 200 https://registry.npmjs.org/safer-buffer/-/safer-buffer-2.1.2.tgz 1351ms (cache miss)
1323 http fetch GET 200 https://registry.npmjs.org/ee-first/-/ee-first-1.1.1.tgz 1353ms (cache miss)
1324 http fetch GET 200 https://registry.npmjs.org/wrappy/-/wrappy-1.0.2.tgz 1355ms (cache miss)
1325 http fetch GET 200 https://registry.npmjs.org/setprototypeof/-/setprototypeof-1.2.0.tgz 1353ms (cache miss)
1326 http fetch GET 200 https://registry.npmjs.org/inherits/-/inherits-2.0.4.tgz 1355ms (cache miss)
1327 http fetch GET 200 https://registry.npmjs.org/mime-db/-/mime-db-1.54.0.tgz 1359ms (cache miss)
1328 http fetch GET 200 https://registry.npmjs.org/ms/-/ms-2.1.3.tgz 1356ms (cache miss)
1329 http fetch GET 200 https://registry.npmjs.org/raw-body/-/raw-body-3.0.2.tgz 1358ms (cache miss)
1330 http fetch GET 200 https://registry.npmjs.org/exponential-backoff/-/exponential-backoff-3.1.3.tgz 1396ms (cache miss)
1331 http fetch GET 200 https://registry.npmjs.org/glob/-/glob-13.0.6.tgz 1433ms (cache miss)
1332 http fetch GET 200 https://registry.npmjs.org/statuses/-/statuses-2.0.2.tgz 1400ms (cache miss)
1333 http fetch GET 200 https://registry.npmjs.org/type-is/-/type-is-2.0.1.tgz 1449ms (cache miss)
1334 http fetch GET 200 https://registry.npmjs.org/serve-static/-/serve-static-2.2.1.tgz 1450ms (cache miss)
1335 http fetch GET 200 https://registry.npmjs.org/bytes/-/bytes-3.1.2.tgz 1454ms (cache miss)
1336 http fetch GET 200 https://registry.npmjs.org/range-parser/-/range-parser-1.2.1.tgz 1454ms (cache miss)
1337 http fetch GET 200 https://registry.npmjs.org/negotiator/-/negotiator-1.0.0.tgz 1459ms (cache miss)
1338 http fetch GET 200 https://registry.npmjs.org/send/-/send-1.2.1.tgz 1460ms (cache miss)
1339 http fetch GET 200 https://registry.npmjs.org/proxy-addr/-/proxy-addr-2.0.7.tgz 1459ms (cache miss)
1340 http fetch GET 200 https://registry.npmjs.org/parseurl/-/parseurl-1.3.3.tgz 1459ms (cache miss)
1341 http fetch GET 200 https://registry.npmjs.org/router/-/router-2.2.0.tgz 1464ms (cache miss)
1342 http fetch GET 200 https://registry.npmjs.org/once/-/once-1.4.0.tgz 1465ms (cache miss)
1343 http fetch GET 200 https://registry.npmjs.org/qs/-/qs-6.15.0.tgz 1488ms (cache miss)
1344 http fetch GET 200 https://registry.npmjs.org/on-finished/-/on-finished-2.4.1.tgz 1492ms (cache miss)
1345 http fetch GET 200 https://registry.npmjs.org/merge-descriptors/-/merge-descriptors-2.0.0.tgz 1506ms (cache miss)
1346 http fetch GET 200 https://registry.npmjs.org/iconv-lite/-/iconv-lite-0.7.2.tgz 1536ms (cache miss)
1347 http fetch GET 200 https://registry.npmjs.org/debug/-/debug-4.4.3.tgz 1562ms (cache miss)
1348 http fetch GET 200 https://registry.npmjs.org/fresh/-/fresh-2.0.0.tgz 1569ms (cache miss)
1349 http fetch GET 200 https://registry.npmjs.org/cookie-signature/-/cookie-signature-1.2.2.tgz 1565ms (cache miss)
1350 http fetch GET 200 https://registry.npmjs.org/encodeurl/-/encodeurl-2.0.0.tgz 1568ms (cache miss)
1351 http fetch GET 200 https://registry.npmjs.org/escape-html/-/escape-html-1.0.3.tgz 1569ms (cache miss)
1352 http fetch GET 200 https://registry.npmjs.org/depd/-/depd-2.0.0.tgz 1568ms (cache miss)
1353 http fetch GET 200 https://registry.npmjs.org/content-type/-/content-type-1.0.5.tgz 1566ms (cache miss)
1354 http fetch GET 200 https://registry.npmjs.org/etag/-/etag-1.8.1.tgz 1571ms (cache miss)
1355 http fetch GET 200 https://registry.npmjs.org/cookie/-/cookie-0.7.2.tgz 1568ms (cache miss)
1356 http fetch GET 200 https://registry.npmjs.org/mime-types/-/mime-types-3.0.2.tgz 1579ms (cache miss)
1357 http fetch GET 200 https://registry.npmjs.org/finalhandler/-/finalhandler-2.1.1.tgz 1577ms (cache miss)
1358 http fetch GET 200 https://registry.npmjs.org/http-errors/-/http-errors-2.0.1.tgz 1580ms (cache miss)
1359 http fetch GET 200 https://registry.npmjs.org/content-disposition/-/content-disposition-1.0.1.tgz 1588ms (cache miss)
1360 http fetch GET 200 https://registry.npmjs.org/accepts/-/accepts-2.0.0.tgz 1611ms (cache miss)
1361 http fetch GET 200 https://registry.npmjs.org/object-assign/-/object-assign-4.1.1.tgz 1600ms (cache miss)
1362 http fetch GET 200 https://registry.npmjs.org/body-parser/-/body-parser-2.2.2.tgz 1614ms (cache miss)
1363 http fetch GET 200 https://registry.npmjs.org/@gar/promise-retry/-/promise-retry-1.0.3.tgz 1679ms (cache miss)
1364 http fetch GET 200 https://registry.npmjs.org/vary/-/vary-1.1.2.tgz 1606ms (cache miss)
1365 http fetch GET 200 https://registry.npmjs.org/axios/-/axios-1.13.6.tgz 1696ms (cache miss)
1366 http fetch GET 200 https://registry.npmjs.org/cors/-/cors-2.8.6.tgz 1655ms (cache miss)
1367 http fetch GET 200 https://registry.npmjs.org/minipass/-/minipass-3.3.6.tgz 1653ms (cache miss)
1368 http fetch GET 200 https://registry.npmjs.org/yallist/-/yallist-4.0.0.tgz 1656ms (cache miss)
1369 http fetch GET 200 https://registry.npmjs.org/yallist/-/yallist-4.0.0.tgz 1656ms (cache miss)
1370 http fetch GET 200 https://registry.npmjs.org/chownr/-/chownr-1.1.4.tgz 1658ms (cache miss)
1371 http fetch GET 200 https://registry.npmjs.org/minipass/-/minipass-3.3.6.tgz 1658ms (cache miss)
1372 http fetch GET 200 https://registry.npmjs.org/express/-/express-5.2.1.tgz 1663ms (cache miss)
1373 http fetch GET 200 https://registry.npmjs.org/node-gyp/-/node-gyp-12.2.0.tgz 1744ms (cache miss)
1374 http fetch GET 200 https://registry.npmjs.org/mime-db/-/mime-db-1.52.0.tgz 1690ms (cache miss)
1375 http fetch GET 200 https://registry.npmjs.org/mime-types/-/mime-types-2.1.35.tgz 1694ms (cache miss)
1376 http fetch GET 200 https://registry.npmjs.org/razorpay/-/razorpay-2.9.6.tgz 1722ms (cache miss)
1377 http fetch GET 200 https://registry.npmjs.org/tar/-/tar-7.5.13.tgz 1841ms (cache miss)
1378 http fetch GET 200 https://registry.npmjs.org/sqlite3/-/sqlite3-6.0.1.tgz 2094ms (cache miss)
1379 info run sqlite3@6.0.1 install node_modules/sqlite3 prebuild-install -r napi || node-gyp rebuild
1380 info run sqlite3@6.0.1 install { code: 1, signal: null }
1381 verbose stack Error: command failed
1381 verbose stack     at promiseSpawn (/data/data/com.termux/files/usr/lib/node_modules/npm/node_modules/@npmcli/promise-spawn/lib/index.js:22:22)
1381 verbose stack     at spawnWithShell (/data/data/com.termux/files/usr/lib/node_modules/npm/node_modules/@npmcli/promise-spawn/lib/index.js:124:10)
1381 verbose stack     at promiseSpawn (/data/data/com.termux/files/usr/lib/node_modules/npm/node_modules/@npmcli/promise-spawn/lib/index.js:12:12)
1381 verbose stack     at runScriptPkg (/data/data/com.termux/files/usr/lib/node_modules/npm/node_modules/@npmcli/run-script/lib/run-script-pkg.js:79:13)
1381 verbose stack     at runScript (/data/data/com.termux/files/usr/lib/node_modules/npm/node_modules/@npmcli/run-script/lib/run-script.js:9:12)
1381 verbose stack     at /data/data/com.termux/files/usr/lib/node_modules/npm/node_modules/@npmcli/arborist/lib/arborist/rebuild.js:328:17
1381 verbose stack     at run (/data/data/com.termux/files/usr/lib/node_modules/npm/node_modules/promise-call-limit/dist/commonjs/index.js:67:22)
1381 verbose stack     at /data/data/com.termux/files/usr/lib/node_modules/npm/node_modules/promise-call-limit/dist/commonjs/index.js:84:9
1381 verbose stack     at new Promise (<anonymous>)
1381 verbose stack     at callLimit (/data/data/com.termux/files/usr/lib/node_modules/npm/node_modules/promise-call-limit/dist/commonjs/index.js:35:69)
1382 verbose pkgid sqlite3@6.0.1
1383 error code 1
1384 error path /data/data/com.termux/files/home/color-app/node_modules/sqlite3
1385 error command failed
1386 error command sh -c prebuild-install -r napi || node-gyp rebuild
1387 error (node:16286) [DEP0176] DeprecationWarning: fs.R_OK is deprecated, use fs.constants.R_OK instead
1387 error (Use `node --trace-deprecation ...` to show where the warning was created)
1387 error prebuild-install warn install No prebuilt binaries found (target=6 runtime=napi arch=arm64 libc= platform=android)
1387 error gyp info it worked if it ends with ok
1387 error gyp info using node-gyp@12.2.0
1387 error gyp info using node@24.14.0 | android | arm64
1387 error (node:16285) [DEP0169] DeprecationWarning: `url.parse()` behavior is not standardized and prone to errors that have security implications. Use the WHATWG URL API instead. CVEs are not issued for `url.parse()` vulnerabilities.
1387 error (Use `node --trace-deprecation ...` to show where the warning was created)
1387 error gyp info find Python using Python version 3.13.12 found at "/data/data/com.termux/files/usr/bin/python3"
1387 error gyp http GET https://nodejs.org/download/release/v24.14.0/node-v24.14.0-headers.tar.gz
1387 error gyp http 200 https://nodejs.org/download/release/v24.14.0/node-v24.14.0-headers.tar.gz
1387 error gyp http GET https://nodejs.org/download/release/v24.14.0/SHASUMS256.txt
1387 error gyp http 200 https://nodejs.org/download/release/v24.14.0/SHASUMS256.txt
1387 error gyp info spawn /data/data/com.termux/files/usr/bin/python3
1387 error gyp info spawn args [
1387 error gyp info spawn args '/data/data/com.termux/files/home/color-app/node_modules/node-gyp/gyp/gyp_main.py',
1387 error gyp info spawn args 'binding.gyp',
1387 error gyp info spawn args '-f',
1387 error gyp info spawn args 'make',
1387 error gyp info spawn args '-I',
1387 error gyp info spawn args '/data/data/com.termux/files/home/color-app/node_modules/sqlite3/build/config.gypi',
1387 error gyp info spawn args '-I',
1387 error gyp info spawn args '/data/data/com.termux/files/home/color-app/node_modules/node-gyp/addon.gypi',
1387 error gyp info spawn args '-I',
1387 error gyp info spawn args '/data/data/com.termux/files/home/.cache/node-gyp/24.14.0/include/node/common.gypi',
1387 error gyp info spawn args '-Dlibrary=shared_library',
1387 error gyp info spawn args '-Dvisibility=default',
1387 error gyp info spawn args '-Dnode_root_dir=/data/data/com.termux/files/home/.cache/node-gyp/24.14.0',
1387 error gyp info spawn args '-Dnode_gyp_dir=/data/data/com.termux/files/home/color-app/node_modules/node-gyp',
1387 error gyp info spawn args '-Dnode_lib_file=/data/data/com.termux/files/home/.cache/node-gyp/24.14.0/<(target_arch)/node.lib',
1387 error gyp info spawn args '-Dmodule_root_dir=/data/data/com.termux/files/home/color-app/node_modules/sqlite3',
1387 error gyp info spawn args '-Dnode_engine=v8',
1387 error gyp info spawn args '--depth=.',
1387 error gyp info spawn args '--no-parallel',
1387 error gyp info spawn args '--generator-output',
1387 error gyp info spawn args 'build',
1387 error gyp info spawn args '-Goutput_dir=.'
1387 error gyp info spawn args ]
1387 error gyp: Undefined variable android_ndk_path in binding.gyp while trying to load binding.gyp
1387 error gyp ERR! configure error 
1387 error gyp ERR! stack Error: `gyp` failed with exit code: 1
1387 error gyp ERR! stack at ChildProcess.<anonymous> (/data/data/com.termux/files/home/color-app/node_modules/node-gyp/lib/configure.js:317:18)
1387 error gyp ERR! stack at ChildProcess.emit (node:events:508:28)
1387 error gyp ERR! stack at ChildProcess._handle.onexit (node:internal/child_process:294:12)
1387 error gyp ERR! System Linux 5.15.178-android13-8-31998796-abF731BXXU5FYI9
1387 error gyp ERR! command "/data/data/com.termux/files/usr/bin/node" "/data/data/com.termux/files/home/color-app/node_modules/.bin/node-gyp" "rebuild"
1387 error gyp ERR! cwd /data/data/com.termux/files/home/color-app/node_modules/sqlite3
1387 error gyp ERR! node -v v24.14.0
1387 error gyp ERR! node-gyp -v v12.2.0
1387 error gyp ERR! $npm_package_name sqlite3
1387 error gyp ERR! $npm_package_version 6.0.1
1387 error gyp ERR! not ok
1388 silly unfinished npm timer reify 1774296113563
1389 silly unfinished npm timer reify:build 1774296126922
1390 silly unfinished npm timer build 1774296126924
1391 silly unfinished npm timer build:deps 1774296126924
1392 silly unfinished npm timer build:run:install 1774296126957
1393 silly unfinished npm timer build:run:install:node_modules/sqlite3 1774296126958
1394 verbose cwd /data/data/com.termux/files/home/color-app
1395 verbose os Linux 5.15.178-android13-8-31998796-abF731BXXU5FYI9
1396 verbose node v24.14.0
1397 verbose npm  v11.12.0
1398 verbose exit 1
1399 verbose code 1
1400 error A complete log of this run can be found in: /data/data/com.termux/files/home/.npm/_logs/2026-03-23T20_01_52_811Z-debug-0.log
